--
-- PostgreSQL database dump
--

-- Dumped from database version 15.12 (Homebrew)
-- Dumped by pg_dump version 15.12 (Homebrew)

SET statement_timeout = 0;
SET lock_timeout = 0;
SET idle_in_transaction_session_timeout = 0;
SET client_encoding = 'UTF8';
SET standard_conforming_strings = on;
SELECT pg_catalog.set_config('search_path', '', false);
SET check_function_bodies = false;
SET xmloption = content;
SET client_min_messages = warning;
SET row_security = off;

SET default_tablespace = '';

SET default_table_access_method = heap;

--
-- Name: auth_group; Type: TABLE; Schema: public; Owner: homestyle_user
--

CREATE TABLE public.auth_group (
    id integer NOT NULL,
    name character varying(150) NOT NULL
);


ALTER TABLE public.auth_group OWNER TO homestyle_user;

--
-- Name: auth_group_id_seq; Type: SEQUENCE; Schema: public; Owner: homestyle_user
--

ALTER TABLE public.auth_group ALTER COLUMN id ADD GENERATED BY DEFAULT AS IDENTITY (
    SEQUENCE NAME public.auth_group_id_seq
    START WITH 1
    INCREMENT BY 1
    NO MINVALUE
    NO MAXVALUE
    CACHE 1
);


--
-- Name: auth_group_permissions; Type: TABLE; Schema: public; Owner: homestyle_user
--

CREATE TABLE public.auth_group_permissions (
    id bigint NOT NULL,
    group_id integer NOT NULL,
    permission_id integer NOT NULL
);


ALTER TABLE public.auth_group_permissions OWNER TO homestyle_user;

--
-- Name: auth_group_permissions_id_seq; Type: SEQUENCE; Schema: public; Owner: homestyle_user
--

ALTER TABLE public.auth_group_permissions ALTER COLUMN id ADD GENERATED BY DEFAULT AS IDENTITY (
    SEQUENCE NAME public.auth_group_permissions_id_seq
    START WITH 1
    INCREMENT BY 1
    NO MINVALUE
    NO MAXVALUE
    CACHE 1
);


--
-- Name: auth_permission; Type: TABLE; Schema: public; Owner: homestyle_user
--

CREATE TABLE public.auth_permission (
    id integer NOT NULL,
    name character varying(255) NOT NULL,
    content_type_id integer NOT NULL,
    codename character varying(100) NOT NULL
);


ALTER TABLE public.auth_permission OWNER TO homestyle_user;

--
-- Name: auth_permission_id_seq; Type: SEQUENCE; Schema: public; Owner: homestyle_user
--

ALTER TABLE public.auth_permission ALTER COLUMN id ADD GENERATED BY DEFAULT AS IDENTITY (
    SEQUENCE NAME public.auth_permission_id_seq
    START WITH 1
    INCREMENT BY 1
    NO MINVALUE
    NO MAXVALUE
    CACHE 1
);


--
-- Name: cart_cart; Type: TABLE; Schema: public; Owner: homestyle_user
--

CREATE TABLE public.cart_cart (
    id uuid NOT NULL,
    session_key character varying(40),
    created_at timestamp with time zone NOT NULL,
    updated_at timestamp with time zone NOT NULL,
    user_id uuid,
    CONSTRAINT cart_has_user_or_session CHECK (((user_id IS NOT NULL) OR (session_key IS NOT NULL)))
);


ALTER TABLE public.cart_cart OWNER TO homestyle_user;

--
-- Name: cart_cartitem; Type: TABLE; Schema: public; Owner: homestyle_user
--

CREATE TABLE public.cart_cartitem (
    id uuid NOT NULL,
    quantity integer NOT NULL,
    cart_id uuid NOT NULL,
    product_id uuid,
    CONSTRAINT cart_cartitem_quantity_check CHECK ((quantity >= 0))
);


ALTER TABLE public.cart_cartitem OWNER TO homestyle_user;

--
-- Name: catalog_category; Type: TABLE; Schema: public; Owner: homestyle_user
--

CREATE TABLE public.catalog_category (
    id uuid NOT NULL,
    created_at timestamp with time zone NOT NULL,
    updated_at timestamp with time zone NOT NULL,
    slug character varying(150) NOT NULL,
    description text,
    name character varying(100) NOT NULL,
    image character varying(100) NOT NULL
);


ALTER TABLE public.catalog_category OWNER TO homestyle_user;

--
-- Name: catalog_product; Type: TABLE; Schema: public; Owner: homestyle_user
--

CREATE TABLE public.catalog_product (
    id uuid NOT NULL,
    created_at timestamp with time zone NOT NULL,
    updated_at timestamp with time zone NOT NULL,
    slug character varying(150) NOT NULL,
    description text,
    name character varying(200) NOT NULL,
    sku character varying(50) NOT NULL,
    price numeric(10,2) NOT NULL,
    discount smallint NOT NULL,
    stock integer NOT NULL,
    main_image character varying(100) NOT NULL,
    category_id uuid,
    availability_status character varying(20) NOT NULL,
    available_for_order boolean NOT NULL,
    _actual_price numeric(10,2) NOT NULL,
    CONSTRAINT catalog_product_discount_check CHECK ((discount >= 0)),
    CONSTRAINT catalog_product_stock_check CHECK ((stock >= 0))
);


ALTER TABLE public.catalog_product OWNER TO homestyle_user;

--
-- Name: catalog_productextraimage; Type: TABLE; Schema: public; Owner: homestyle_user
--

CREATE TABLE public.catalog_productextraimage (
    id uuid NOT NULL,
    created_at timestamp with time zone NOT NULL,
    updated_at timestamp with time zone NOT NULL,
    slug character varying(150) NOT NULL,
    description text,
    image character varying(100) NOT NULL,
    ordering integer NOT NULL,
    product_id uuid NOT NULL,
    CONSTRAINT catalog_productextraimage_ordering_check CHECK ((ordering >= 0))
);


ALTER TABLE public.catalog_productextraimage OWNER TO homestyle_user;

--
-- Name: django_admin_log; Type: TABLE; Schema: public; Owner: homestyle_user
--

CREATE TABLE public.django_admin_log (
    id integer NOT NULL,
    action_time timestamp with time zone NOT NULL,
    object_id text,
    object_repr character varying(200) NOT NULL,
    action_flag smallint NOT NULL,
    change_message text NOT NULL,
    content_type_id integer,
    user_id uuid NOT NULL,
    CONSTRAINT django_admin_log_action_flag_check CHECK ((action_flag >= 0))
);


ALTER TABLE public.django_admin_log OWNER TO homestyle_user;

--
-- Name: django_admin_log_id_seq; Type: SEQUENCE; Schema: public; Owner: homestyle_user
--

ALTER TABLE public.django_admin_log ALTER COLUMN id ADD GENERATED BY DEFAULT AS IDENTITY (
    SEQUENCE NAME public.django_admin_log_id_seq
    START WITH 1
    INCREMENT BY 1
    NO MINVALUE
    NO MAXVALUE
    CACHE 1
);


--
-- Name: django_content_type; Type: TABLE; Schema: public; Owner: homestyle_user
--

CREATE TABLE public.django_content_type (
    id integer NOT NULL,
    app_label character varying(100) NOT NULL,
    model character varying(100) NOT NULL
);


ALTER TABLE public.django_content_type OWNER TO homestyle_user;

--
-- Name: django_content_type_id_seq; Type: SEQUENCE; Schema: public; Owner: homestyle_user
--

ALTER TABLE public.django_content_type ALTER COLUMN id ADD GENERATED BY DEFAULT AS IDENTITY (
    SEQUENCE NAME public.django_content_type_id_seq
    START WITH 1
    INCREMENT BY 1
    NO MINVALUE
    NO MAXVALUE
    CACHE 1
);


--
-- Name: django_migrations; Type: TABLE; Schema: public; Owner: homestyle_user
--

CREATE TABLE public.django_migrations (
    id bigint NOT NULL,
    app character varying(255) NOT NULL,
    name character varying(255) NOT NULL,
    applied timestamp with time zone NOT NULL
);


ALTER TABLE public.django_migrations OWNER TO homestyle_user;

--
-- Name: django_migrations_id_seq; Type: SEQUENCE; Schema: public; Owner: homestyle_user
--

ALTER TABLE public.django_migrations ALTER COLUMN id ADD GENERATED BY DEFAULT AS IDENTITY (
    SEQUENCE NAME public.django_migrations_id_seq
    START WITH 1
    INCREMENT BY 1
    NO MINVALUE
    NO MAXVALUE
    CACHE 1
);


--
-- Name: django_session; Type: TABLE; Schema: public; Owner: homestyle_user
--

CREATE TABLE public.django_session (
    session_key character varying(40) NOT NULL,
    session_data text NOT NULL,
    expire_date timestamp with time zone NOT NULL
);


ALTER TABLE public.django_session OWNER TO homestyle_user;

--
-- Name: orders_order; Type: TABLE; Schema: public; Owner: homestyle_user
--

CREATE TABLE public.orders_order (
    id uuid NOT NULL,
    full_name character varying(255) NOT NULL,
    phone character varying(128) NOT NULL,
    email character varying(254),
    status character varying(20) NOT NULL,
    created_at timestamp with time zone NOT NULL,
    updated_at timestamp with time zone NOT NULL,
    cart_id uuid NOT NULL,
    user_id uuid,
    notes text
);


ALTER TABLE public.orders_order OWNER TO homestyle_user;

--
-- Name: orders_orderitem; Type: TABLE; Schema: public; Owner: homestyle_user
--

CREATE TABLE public.orders_orderitem (
    id uuid NOT NULL,
    quantity integer NOT NULL,
    price numeric(10,2) NOT NULL,
    order_id uuid NOT NULL,
    product_id uuid NOT NULL,
    CONSTRAINT orders_orderitem_quantity_check CHECK ((quantity >= 0))
);


ALTER TABLE public.orders_orderitem OWNER TO homestyle_user;

--
-- Name: users_user; Type: TABLE; Schema: public; Owner: homestyle_user
--

CREATE TABLE public.users_user (
    password character varying(128) NOT NULL,
    last_login timestamp with time zone,
    id uuid NOT NULL,
    email character varying(255) NOT NULL,
    phone character varying(128) NOT NULL,
    first_name character varying(255) NOT NULL,
    last_name character varying(255) NOT NULL,
    is_active boolean NOT NULL,
    is_staff boolean NOT NULL,
    is_superuser boolean NOT NULL,
    date_joined timestamp with time zone NOT NULL
);


ALTER TABLE public.users_user OWNER TO homestyle_user;

--
-- Name: users_user_groups; Type: TABLE; Schema: public; Owner: homestyle_user
--

CREATE TABLE public.users_user_groups (
    id bigint NOT NULL,
    user_id uuid NOT NULL,
    group_id integer NOT NULL
);


ALTER TABLE public.users_user_groups OWNER TO homestyle_user;

--
-- Name: users_user_groups_id_seq; Type: SEQUENCE; Schema: public; Owner: homestyle_user
--

ALTER TABLE public.users_user_groups ALTER COLUMN id ADD GENERATED BY DEFAULT AS IDENTITY (
    SEQUENCE NAME public.users_user_groups_id_seq
    START WITH 1
    INCREMENT BY 1
    NO MINVALUE
    NO MAXVALUE
    CACHE 1
);


--
-- Name: users_user_user_permissions; Type: TABLE; Schema: public; Owner: homestyle_user
--

CREATE TABLE public.users_user_user_permissions (
    id bigint NOT NULL,
    user_id uuid NOT NULL,
    permission_id integer NOT NULL
);


ALTER TABLE public.users_user_user_permissions OWNER TO homestyle_user;

--
-- Name: users_user_user_permissions_id_seq; Type: SEQUENCE; Schema: public; Owner: homestyle_user
--

ALTER TABLE public.users_user_user_permissions ALTER COLUMN id ADD GENERATED BY DEFAULT AS IDENTITY (
    SEQUENCE NAME public.users_user_user_permissions_id_seq
    START WITH 1
    INCREMENT BY 1
    NO MINVALUE
    NO MAXVALUE
    CACHE 1
);


--
-- Data for Name: auth_group; Type: TABLE DATA; Schema: public; Owner: homestyle_user
--

COPY public.auth_group (id, name) FROM stdin;
\.


--
-- Data for Name: auth_group_permissions; Type: TABLE DATA; Schema: public; Owner: homestyle_user
--

COPY public.auth_group_permissions (id, group_id, permission_id) FROM stdin;
\.


--
-- Data for Name: auth_permission; Type: TABLE DATA; Schema: public; Owner: homestyle_user
--

COPY public.auth_permission (id, name, content_type_id, codename) FROM stdin;
1	Can add log entry	1	add_logentry
2	Can change log entry	1	change_logentry
3	Can delete log entry	1	delete_logentry
4	Can view log entry	1	view_logentry
5	Can add permission	2	add_permission
6	Can change permission	2	change_permission
7	Can delete permission	2	delete_permission
8	Can view permission	2	view_permission
9	Can add group	3	add_group
10	Can change group	3	change_group
11	Can delete group	3	delete_group
12	Can view group	3	view_group
13	Can add content type	4	add_contenttype
14	Can change content type	4	change_contenttype
15	Can delete content type	4	delete_contenttype
16	Can view content type	4	view_contenttype
17	Can add session	5	add_session
18	Can change session	5	change_session
19	Can delete session	5	delete_session
20	Can view session	5	view_session
21	Can add Пользователь	6	add_user
22	Can change Пользователь	6	change_user
23	Can delete Пользователь	6	delete_user
24	Can view Пользователь	6	view_user
25	Can add Категория	7	add_category
26	Can change Категория	7	change_category
27	Can delete Категория	7	delete_category
28	Can view Категория	7	view_category
29	Can add Товар	8	add_product
30	Can change Товар	8	change_product
31	Can delete Товар	8	delete_product
32	Can view Товар	8	view_product
33	Can add product extra image	9	add_productextraimage
34	Can change product extra image	9	change_productextraimage
35	Can delete product extra image	9	delete_productextraimage
36	Can view product extra image	9	view_productextraimage
37	Can add Заказ	10	add_order
38	Can change Заказ	10	change_order
39	Can delete Заказ	10	delete_order
40	Can view Заказ	10	view_order
41	Can add Товар в заказе	11	add_orderitem
42	Can change Товар в заказе	11	change_orderitem
43	Can delete Товар в заказе	11	delete_orderitem
44	Can view Товар в заказе	11	view_orderitem
45	Can add Корзина	12	add_cart
46	Can change Корзина	12	change_cart
47	Can delete Корзина	12	delete_cart
48	Can view Корзина	12	view_cart
49	Can add Товар в корзине	13	add_cartitem
50	Can change Товар в корзине	13	change_cartitem
51	Can delete Товар в корзине	13	delete_cartitem
52	Can view Товар в корзине	13	view_cartitem
\.


--
-- Data for Name: cart_cart; Type: TABLE DATA; Schema: public; Owner: homestyle_user
--

COPY public.cart_cart (id, session_key, created_at, updated_at, user_id) FROM stdin;
21a7fac8-2a07-4302-bdd2-6ba762729601	\N	2025-06-10 13:21:17.851812+03	2025-06-10 13:21:17.851814+03	8538617e-7bf2-4fe0-8f22-e4a4d4cccd73
b0e1cc3e-8b27-44f2-9c04-5309f88a81fc	\N	2025-06-10 13:21:17.858992+03	2025-06-10 13:21:17.858995+03	cbb39459-c0f5-43a3-951e-8a6489e368ea
e7a549cc-91ad-4692-bac4-62f37e28f675	\N	2025-06-10 13:21:17.86243+03	2025-06-10 13:21:17.862433+03	81783123-1b17-4fb4-96ff-b0e893503a80
1a35737e-9115-4da3-bf51-1a85f6d9ce35	\N	2025-06-10 13:21:17.864095+03	2025-06-10 13:21:17.864098+03	f1ce3f76-ba9c-455e-a154-71a449b396d7
ee860295-285c-4c9e-9228-5075d1e6978e	\N	2025-06-10 13:21:17.865388+03	2025-06-10 13:21:17.865392+03	c6105ff5-9801-44c1-b030-847798de3fa6
95773877-c772-443f-af76-42257f9580a7	\N	2025-06-10 13:21:17.866634+03	2025-06-10 13:21:17.866637+03	ebf6ad2f-1648-4a82-855a-6b56b6c9788e
b2d0f86c-d90b-4a0b-9409-bbb8c3df36bd	\N	2025-06-10 13:21:17.867761+03	2025-06-10 13:21:17.867763+03	aa3d7f72-bcd0-4ea4-bed4-de741fa46f81
3c0504f4-e77c-4c01-85a7-00e1621db836	\N	2025-06-10 13:21:17.869203+03	2025-06-10 13:21:17.869205+03	7a9a9357-c198-4c51-885f-f3e65151898e
\.


--
-- Data for Name: cart_cartitem; Type: TABLE DATA; Schema: public; Owner: homestyle_user
--

COPY public.cart_cartitem (id, quantity, cart_id, product_id) FROM stdin;
ff1f94d8-9a38-4bce-8662-e48d19c09766	1	21a7fac8-2a07-4302-bdd2-6ba762729601	db504646-43c5-47fc-b038-9e3d171865df
b8c20feb-30a0-4b9f-b931-75a5bd557846	3	21a7fac8-2a07-4302-bdd2-6ba762729601	52fc4eae-e9a1-47d6-aa30-70460b1f0aba
7451dcf3-6908-4dbc-8e64-e01a3bad2aea	2	b0e1cc3e-8b27-44f2-9c04-5309f88a81fc	5a363e2c-13de-44f9-98ba-eebd89985d83
d3f8a40f-e5b5-4fea-b46c-7e8cab8145f6	1	b0e1cc3e-8b27-44f2-9c04-5309f88a81fc	83890627-2a37-4f4c-b774-cf7a3ed9d332
aabc0419-762c-4b2a-b0fc-9867b559bfbd	2	e7a549cc-91ad-4692-bac4-62f37e28f675	81fd20f4-7606-407e-acbc-3d2bbc36a376
4797ec2b-11ba-49c3-8a05-277cc9379846	1	e7a549cc-91ad-4692-bac4-62f37e28f675	9f90345c-2101-4bb0-a89d-857dd829c9bd
7edb19d4-951d-40ad-8789-a0f7e1be0f86	3	1a35737e-9115-4da3-bf51-1a85f6d9ce35	a25c079a-b440-443d-859c-44c814e78978
96750768-d805-4dc4-9385-ba999a250e09	1	1a35737e-9115-4da3-bf51-1a85f6d9ce35	83890627-2a37-4f4c-b774-cf7a3ed9d332
f101d988-a194-4a94-a097-a7f334fbd85e	1	ee860295-285c-4c9e-9228-5075d1e6978e	a25c079a-b440-443d-859c-44c814e78978
30e8da63-e8e0-4eb7-84de-e8177b8106f2	1	ee860295-285c-4c9e-9228-5075d1e6978e	b728f338-54fe-49ed-a773-1d656fa57985
71e4255e-1824-43fe-a4d1-5862508add06	3	95773877-c772-443f-af76-42257f9580a7	3b67b12d-d85c-4413-892b-5b1a88798079
68a1e5c1-8f58-4be5-bc60-1fd9b61bc187	3	95773877-c772-443f-af76-42257f9580a7	a25c079a-b440-443d-859c-44c814e78978
fa554db5-f110-4856-80dc-bdfc67d94c03	2	b2d0f86c-d90b-4a0b-9409-bbb8c3df36bd	52fc4eae-e9a1-47d6-aa30-70460b1f0aba
df91036a-1a66-43b2-b0a3-d6dd5c665995	3	b2d0f86c-d90b-4a0b-9409-bbb8c3df36bd	a25c079a-b440-443d-859c-44c814e78978
d68b481b-8375-45fe-b371-fe7502894ec3	2	3c0504f4-e77c-4c01-85a7-00e1621db836	d929827a-4b2d-460c-b713-b5cc37252034
c1480212-fe41-44ec-9d1a-63a899724107	3	3c0504f4-e77c-4c01-85a7-00e1621db836	787fbd1d-0bdb-43f0-9721-ec60353c9213
\.


--
-- Data for Name: catalog_category; Type: TABLE DATA; Schema: public; Owner: homestyle_user
--

COPY public.catalog_category (id, created_at, updated_at, slug, description, name, image) FROM stdin;
f219982d-d3e0-4862-8cf3-d4df0a094f2f	2025-06-10 13:21:17.824368+03	2025-06-10 13:21:17.824374+03	stolyi	\N	Столы	catalog/default.png
6c063793-a8b5-4713-b65e-9b358e4e558b	2025-06-10 13:21:17.826004+03	2025-06-10 13:21:17.826007+03	myagkaya-mebel	\N	Мягкая мебель	catalog/default.png
18d2a284-710a-4872-8f98-e9088f201082	2025-06-10 13:21:17.826553+03	2025-06-10 13:21:17.826556+03	stulya	\N	Стулья	catalog/default.png
494d27c8-d356-457e-9c93-9312c872633b	2025-06-10 13:21:17.827104+03	2025-06-10 13:21:17.827107+03	shkafyi	\N	Шкафы	catalog/default.png
68c86bcc-1a32-453d-b157-5d351375e28b	2025-06-10 13:21:17.82762+03	2025-06-10 13:21:17.827622+03	krovati	\N	Кровати	catalog/default.png
\.


--
-- Data for Name: catalog_product; Type: TABLE DATA; Schema: public; Owner: homestyle_user
--

COPY public.catalog_product (id, created_at, updated_at, slug, description, name, sku, price, discount, stock, main_image, category_id, availability_status, available_for_order, _actual_price) FROM stdin;
db504646-43c5-47fc-b038-9e3d171865df	2025-06-10 13:21:17.828289+03	2025-06-10 13:21:17.828292+03	stol-pismennyij-sku-0001	\N	Стол письменный	SKU-0001	6000.00	0	3	catalog/default.png	f219982d-d3e0-4862-8cf3-d4df0a094f2f	in_stock	t	6000.00
3b67b12d-d85c-4413-892b-5b1a88798079	2025-06-10 13:21:17.83093+03	2025-06-10 13:21:17.830935+03	stol-obedennyij-sku-0002	\N	Стол обеденный	SKU-0002	10000.00	0	0	catalog/default.png	f219982d-d3e0-4862-8cf3-d4df0a094f2f	backorder	t	10000.00
708ba635-7ec0-43b5-9c28-691c03eb8c03	2025-06-10 13:21:17.831814+03	2025-06-10 13:21:17.831817+03	stol-zhurnalnyij-sku-0003	\N	Стол журнальный	SKU-0003	3500.00	0	7	catalog/default.png	f219982d-d3e0-4862-8cf3-d4df0a094f2f	in_stock	t	3500.00
04e70e0b-87d9-4ffb-9cc9-ae0f78840585	2025-06-10 13:21:17.832918+03	2025-06-10 13:21:17.832921+03	stol-kompyuternyij-sku-0004	\N	Стол компьютерный	SKU-0004	8500.00	0	2	catalog/default.png	f219982d-d3e0-4862-8cf3-d4df0a094f2f	in_stock	t	8500.00
5a363e2c-13de-44f9-98ba-eebd89985d83	2025-06-10 13:21:17.834049+03	2025-06-10 13:21:17.834052+03	stol-kuhonnyij-sku-0005	\N	Стол кухонный	SKU-0005	7200.00	0	5	catalog/default.png	f219982d-d3e0-4862-8cf3-d4df0a094f2f	in_stock	t	7200.00
64215914-a131-4428-ba20-a3b513c5cd3d	2025-06-10 13:21:17.834597+03	2025-06-10 13:21:17.834599+03	divan-uglovoj-sku-0101	\N	Диван угловой	SKU-0101	45000.00	0	5	catalog/default.png	6c063793-a8b5-4713-b65e-9b358e4e558b	in_stock	t	45000.00
b728f338-54fe-49ed-a773-1d656fa57985	2025-06-10 13:21:17.835549+03	2025-06-10 13:21:17.835554+03	kreslo-myagkoe-sku-0102	\N	Кресло мягкое	SKU-0102	12680.00	0	9	catalog/default.png	6c063793-a8b5-4713-b65e-9b358e4e558b	in_stock	t	12680.00
787fbd1d-0bdb-43f0-9721-ec60353c9213	2025-06-10 13:21:17.836147+03	2025-06-10 13:21:17.836151+03	divan-krovat-sku-0103	\N	Диван-кровать	SKU-0103	32000.00	0	3	catalog/default.png	6c063793-a8b5-4713-b65e-9b358e4e558b	in_stock	t	32000.00
906a86fc-d4b4-4332-8b65-2f37ca8a44c4	2025-06-10 13:21:17.837474+03	2025-06-10 13:21:17.837477+03	puf-sku-0104	\N	Пуф	SKU-0104	4100.00	0	8	catalog/default.png	6c063793-a8b5-4713-b65e-9b358e4e558b	in_stock	t	4100.00
a2bb23fc-5770-4748-9a77-bf01a2700e38	2025-06-10 13:21:17.838225+03	2025-06-10 13:21:17.838228+03	kushetka-sku-0105	\N	Кушетка	SKU-0105	21000.00	0	1	catalog/default.png	6c063793-a8b5-4713-b65e-9b358e4e558b	in_stock	t	21000.00
4d1ef9cb-71d5-4bb4-9690-30c7e4234852	2025-06-10 13:21:17.839043+03	2025-06-10 13:21:17.839045+03	stul-ofisnyij-sku-0201	\N	Стул офисный	SKU-0201	1730.00	0	17	catalog/default.png	18d2a284-710a-4872-8f98-e9088f201082	in_stock	t	1730.00
ff7039f3-ebbf-4e83-bcd9-564104a6e10e	2025-06-10 13:21:17.839751+03	2025-06-10 13:21:17.839754+03	taburet-sku-0202	\N	Табурет	SKU-0202	1410.00	0	15	catalog/default.png	18d2a284-710a-4872-8f98-e9088f201082	in_stock	t	1410.00
81fd20f4-7606-407e-acbc-3d2bbc36a376	2025-06-10 13:21:17.840545+03	2025-06-10 13:21:17.840549+03	stul-derevyannyij-sku-0203	\N	Стул деревянный	SKU-0203	2100.00	0	10	catalog/default.png	18d2a284-710a-4872-8f98-e9088f201082	in_stock	t	2100.00
a25c079a-b440-443d-859c-44c814e78978	2025-06-10 13:21:17.841273+03	2025-06-10 13:21:17.841277+03	stul-barnyij-sku-0204	\N	Стул барный	SKU-0204	3200.00	0	4	catalog/default.png	18d2a284-710a-4872-8f98-e9088f201082	in_stock	t	3200.00
9f90345c-2101-4bb0-a89d-857dd829c9bd	2025-06-10 13:21:17.842015+03	2025-06-10 13:21:17.842017+03	stul-skladnoj-sku-0205	\N	Стул складной	SKU-0205	1100.00	0	12	catalog/default.png	18d2a284-710a-4872-8f98-e9088f201082	in_stock	t	1100.00
d929827a-4b2d-460c-b713-b5cc37252034	2025-06-10 13:21:17.842794+03	2025-06-10 13:21:17.842796+03	shkaf-kupe-sku-0301	\N	Шкаф-купе	SKU-0301	41400.00	0	12	catalog/default.png	494d27c8-d356-457e-9c93-9312c872633b	in_stock	t	41400.00
997debe1-2245-4ac0-864d-312bbe2ea3e9	2025-06-10 13:21:17.843602+03	2025-06-10 13:21:17.843605+03	shkaf-knizhnyij-sku-0302	\N	Шкаф книжный	SKU-0302	13600.00	0	10	catalog/default.png	494d27c8-d356-457e-9c93-9312c872633b	in_stock	t	13600.00
93571e76-3c7b-4065-9253-753362844104	2025-06-10 13:21:17.845413+03	2025-06-10 13:21:17.845415+03	shkaf-dlya-odezhdyi-sku-0303	\N	Шкаф для одежды	SKU-0303	22000.00	0	6	catalog/default.png	494d27c8-d356-457e-9c93-9312c872633b	in_stock	t	22000.00
83890627-2a37-4f4c-b774-cf7a3ed9d332	2025-06-10 13:21:17.846289+03	2025-06-10 13:21:17.846292+03	shkaf-uglovoj-sku-0304	\N	Шкаф угловой	SKU-0304	18500.00	0	2	catalog/default.png	494d27c8-d356-457e-9c93-9312c872633b	in_stock	t	18500.00
7088e0a5-987a-435a-87a3-35738d5fb067	2025-06-10 13:21:17.847298+03	2025-06-10 13:21:17.847301+03	shkaf-dlya-obuvi-sku-0305	\N	Шкаф для обуви	SKU-0305	9500.00	0	8	catalog/default.png	494d27c8-d356-457e-9c93-9312c872633b	in_stock	t	9500.00
c8fb81e5-7e38-499d-ae93-03169da552c6	2025-06-10 13:21:17.847794+03	2025-06-10 13:21:17.847797+03	krovat-dvuspalnaya-sku-0401	\N	Кровать двуспальная	SKU-0401	59999.00	0	0	catalog/default.png	68c86bcc-1a32-453d-b157-5d351375e28b	backorder	t	59999.00
52fc4eae-e9a1-47d6-aa30-70460b1f0aba	2025-06-10 13:21:17.848562+03	2025-06-10 13:21:17.848565+03	krovat-detskaya-sku-0402	\N	Кровать детская	SKU-0402	9999.00	0	1	catalog/default.png	68c86bcc-1a32-453d-b157-5d351375e28b	in_stock	t	9999.00
f607c9e6-6b17-463b-8b02-a602d7952e09	2025-06-10 13:21:17.84943+03	2025-06-10 13:21:17.849433+03	krovat-odnospalnaya-sku-0403	\N	Кровать односпальная	SKU-0403	15500.00	0	3	catalog/default.png	68c86bcc-1a32-453d-b157-5d351375e28b	in_stock	t	15500.00
b5996d0d-9b17-482c-8905-96233d2f6ada	2025-06-10 13:21:17.850305+03	2025-06-10 13:21:17.850307+03	krovat-s-yaschikami-sku-0404	\N	Кровать с ящиками	SKU-0404	18500.00	0	2	catalog/default.png	68c86bcc-1a32-453d-b157-5d351375e28b	in_stock	t	18500.00
eb1ae974-9f9e-4ba9-9f39-2f1bb2f082f2	2025-06-10 13:21:17.851022+03	2025-06-10 13:21:17.851024+03	krovat-cherdak-sku-0405	\N	Кровать-чердак	SKU-0405	21000.00	0	1	catalog/default.png	68c86bcc-1a32-453d-b157-5d351375e28b	in_stock	t	21000.00
\.


--
-- Data for Name: catalog_productextraimage; Type: TABLE DATA; Schema: public; Owner: homestyle_user
--

COPY public.catalog_productextraimage (id, created_at, updated_at, slug, description, image, ordering, product_id) FROM stdin;
\.


--
-- Data for Name: django_admin_log; Type: TABLE DATA; Schema: public; Owner: homestyle_user
--

COPY public.django_admin_log (id, action_time, object_id, object_repr, action_flag, change_message, content_type_id, user_id) FROM stdin;
1	2025-03-31 20:37:44.918519+03	350685d1-4841-4be1-a09d-957e5c4f0424	Sdfsdf	1	[{"added": {}}]	7	089f3b69-85a4-49e2-99d0-ace404380592
2	2025-03-31 20:38:04.801958+03	7dfb23cf-4a9f-4b14-a75b-ae1e974ba1b4	Asdfsd (2341234)	1	[{"added": {}}]	8	089f3b69-85a4-49e2-99d0-ace404380592
3	2025-03-31 20:38:16.820132+03	350685d1-4841-4be1-a09d-957e5c4f0424	Sdfsdf	3		7	089f3b69-85a4-49e2-99d0-ace404380592
4	2025-03-31 20:38:25.699544+03	7dfb23cf-4a9f-4b14-a75b-ae1e974ba1b4	Asdfsd (2341234)	3		8	089f3b69-85a4-49e2-99d0-ace404380592
5	2025-04-01 18:22:18.316907+03	036298fc-cf24-474a-a8a5-52dc270a80db	Корзина #036298fc-cf24-474a-a8a5-52dc270a80db	3		12	089f3b69-85a4-49e2-99d0-ace404380592
6	2025-04-03 12:14:26.825473+03	a7f2f282-643a-4a58-87bb-061726c81703	Столы	1	[{"added": {}}]	7	089f3b69-85a4-49e2-99d0-ace404380592
7	2025-04-03 12:14:39.066334+03	44f8600e-4a04-4a0f-9e00-02222266e1e5	Стол обеденный (123)	1	[{"added": {}}]	8	089f3b69-85a4-49e2-99d0-ace404380592
8	2025-04-03 13:14:28.694914+03	44f8600e-4a04-4a0f-9e00-02222266e1e5	Стол обеденный (123)	2	[{"added": {"name": "product extra image", "object": "\\u0414\\u043e\\u043f. \\u0438\\u0437\\u043e\\u0431\\u0440\\u0430\\u0436\\u0435\\u043d\\u0438\\u0435 cd9f840d-e02a-4532-8cf7-28c19ab96d4d \\u0434\\u043b\\u044f \\u0421\\u0442\\u043e\\u043b \\u043e\\u0431\\u0435\\u0434\\u0435\\u043d\\u043d\\u044b\\u0439"}}]	8	089f3b69-85a4-49e2-99d0-ace404380592
9	2025-04-03 18:31:48.987676+03	024f4c33-8607-4480-b4ff-858828e0f19f	Стол обеденный (1234)	1	[{"added": {}}]	8	089f3b69-85a4-49e2-99d0-ace404380592
10	2025-04-03 18:42:09.756676+03	dcc6ef22-165a-406e-9f7d-449492d855f2	Мягкая мебель	1	[{"added": {}}]	7	089f3b69-85a4-49e2-99d0-ace404380592
11	2025-04-03 18:42:15.767346+03	dcc6ef22-165a-406e-9f7d-449492d855f2	Мягкая мебель	2	[]	7	089f3b69-85a4-49e2-99d0-ace404380592
12	2025-04-11 12:36:51.340523+03	e96a3180-8689-4ca5-9e0b-e6f1636f1027	Столы	1	[{"added": {}}]	7	089f3b69-85a4-49e2-99d0-ace404380592
13	2025-04-11 12:37:01.261891+03	3896b22d-7fa4-4f49-ab2b-426a0abee2d6	Мягкая мебель	1	[{"added": {}}]	7	089f3b69-85a4-49e2-99d0-ace404380592
14	2025-04-11 13:39:29.938018+03	d7935be8-1162-4679-87bf-d37fb78e0f61	Стол (123)	1	[{"added": {}}]	8	089f3b69-85a4-49e2-99d0-ace404380592
15	2025-04-11 13:39:33.609085+03	d7935be8-1162-4679-87bf-d37fb78e0f61	Стол (123)	2	[]	8	089f3b69-85a4-49e2-99d0-ace404380592
16	2025-04-11 13:39:44.60213+03	d7935be8-1162-4679-87bf-d37fb78e0f61	Стол (123)	2	[]	8	089f3b69-85a4-49e2-99d0-ace404380592
17	2025-04-11 14:12:05.155064+03	55222029-0c6b-4a50-bc12-8a754bd3b207	стол (12)	1	[{"added": {}}]	8	089f3b69-85a4-49e2-99d0-ace404380592
18	2025-04-11 14:12:19.88257+03	d7935be8-1162-4679-87bf-d37fb78e0f61	Стол (123)	2	[]	8	089f3b69-85a4-49e2-99d0-ace404380592
19	2025-04-11 14:17:44.183111+03	55222029-0c6b-4a50-bc12-8a754bd3b207	стол (12)	3		8	089f3b69-85a4-49e2-99d0-ace404380592
20	2025-04-11 14:17:47.229183+03	d7935be8-1162-4679-87bf-d37fb78e0f61	Стол (123)	2	[]	8	089f3b69-85a4-49e2-99d0-ace404380592
21	2025-04-11 14:17:53.569158+03	d7935be8-1162-4679-87bf-d37fb78e0f61	Стол (123)	2	[{"changed": {"fields": ["\\u0421\\u043a\\u0438\\u0434\\u043a\\u0430 %"]}}]	8	089f3b69-85a4-49e2-99d0-ace404380592
22	2025-04-11 14:19:56.034273+03	d7935be8-1162-4679-87bf-d37fb78e0f61	Стол (123)	2	[]	8	089f3b69-85a4-49e2-99d0-ace404380592
23	2025-04-11 14:24:35.239905+03	d7935be8-1162-4679-87bf-d37fb78e0f61	Стол (123)	2	[]	8	089f3b69-85a4-49e2-99d0-ace404380592
24	2025-04-11 14:35:27.66125+03	d7935be8-1162-4679-87bf-d37fb78e0f61	Стол (123)	2	[{"changed": {"fields": ["\\u041e\\u0441\\u0442\\u0430\\u0442\\u043e\\u043a"]}}]	8	089f3b69-85a4-49e2-99d0-ace404380592
25	2025-04-11 14:38:21.685335+03	d7935be8-1162-4679-87bf-d37fb78e0f61	Столdfg (123)	2	[{"changed": {"fields": ["\\u041d\\u0430\\u0437\\u0432\\u0430\\u043d\\u0438\\u0435"]}}]	8	089f3b69-85a4-49e2-99d0-ace404380592
26	2025-04-11 14:38:28.800175+03	d7935be8-1162-4679-87bf-d37fb78e0f61	Стол (123)	2	[{"changed": {"fields": ["\\u041d\\u0430\\u0437\\u0432\\u0430\\u043d\\u0438\\u0435"]}}]	8	089f3b69-85a4-49e2-99d0-ace404380592
27	2025-04-11 14:42:20.509366+03	52c16244-6984-477c-82e4-b5da090248f1	Sdd (4123)	1	[{"added": {}}]	8	089f3b69-85a4-49e2-99d0-ace404380592
28	2025-04-11 14:44:55.238957+03	52c16244-6984-477c-82e4-b5da090248f1	Sdd (])	2	[{"changed": {"fields": ["\\u0410\\u0440\\u0442\\u0438\\u043a\\u0443\\u043b"]}}]	8	089f3b69-85a4-49e2-99d0-ace404380592
29	2025-04-11 14:45:04.417181+03	52c16244-6984-477c-82e4-b5da090248f1	Sdd (])	2	[]	8	089f3b69-85a4-49e2-99d0-ace404380592
30	2025-04-11 14:45:17.049192+03	52c16244-6984-477c-82e4-b5da090248f1	X (122)	2	[{"changed": {"fields": ["\\u041d\\u0430\\u0437\\u0432\\u0430\\u043d\\u0438\\u0435", "\\u0410\\u0440\\u0442\\u0438\\u043a\\u0443\\u043b"]}}]	8	089f3b69-85a4-49e2-99d0-ace404380592
31	2025-04-11 14:45:23.593654+03	52c16244-6984-477c-82e4-b5da090248f1	X (])	2	[{"changed": {"fields": ["\\u0410\\u0440\\u0442\\u0438\\u043a\\u0443\\u043b"]}}]	8	089f3b69-85a4-49e2-99d0-ace404380592
32	2025-04-11 14:45:30.284384+03	52c16244-6984-477c-82e4-b5da090248f1	X (])	2	[]	8	089f3b69-85a4-49e2-99d0-ace404380592
33	2025-04-11 14:46:52.044984+03	8972e238-a8c7-45eb-ae1a-23e6eca23690	Стол (1234)	1	[{"added": {}}]	8	089f3b69-85a4-49e2-99d0-ace404380592
34	2025-04-11 14:46:58.513306+03	52c16244-6984-477c-82e4-b5da090248f1	X (])	2	[]	8	089f3b69-85a4-49e2-99d0-ace404380592
35	2025-04-11 14:47:09.752527+03	52c16244-6984-477c-82e4-b5da090248f1	Фывафывф (12)	2	[{"changed": {"fields": ["\\u041d\\u0430\\u0437\\u0432\\u0430\\u043d\\u0438\\u0435", "\\u0410\\u0440\\u0442\\u0438\\u043a\\u0443\\u043b"]}}]	8	089f3b69-85a4-49e2-99d0-ace404380592
36	2025-04-11 14:47:42.638025+03	52c16244-6984-477c-82e4-b5da090248f1	Стол (12)	2	[{"changed": {"fields": ["\\u041d\\u0430\\u0437\\u0432\\u0430\\u043d\\u0438\\u0435", "\\u0426\\u0435\\u043d\\u0430", "\\u0421\\u043a\\u0438\\u0434\\u043a\\u0430 %", "\\u041e\\u0441\\u0442\\u0430\\u0442\\u043e\\u043a"]}}]	8	089f3b69-85a4-49e2-99d0-ace404380592
37	2025-04-11 15:04:17.857851+03	5b03048d-528e-4fe6-abab-211ea725c6c1	Стол (1234)	1	[{"added": {}}]	8	089f3b69-85a4-49e2-99d0-ace404380592
38	2025-04-11 15:04:25.323559+03	5b03048d-528e-4fe6-abab-211ea725c6c1	Стол (1234)	2	[]	8	089f3b69-85a4-49e2-99d0-ace404380592
39	2025-04-11 15:04:45.483165+03	5b03048d-528e-4fe6-abab-211ea725c6c1	Стол (1234)	2	[{"changed": {"fields": ["\\u0414\\u043e\\u0441\\u0442\\u0443\\u043f\\u0435\\u043d \\u043a \\u0437\\u0430\\u043a\\u0430\\u0437\\u0443"]}}]	8	089f3b69-85a4-49e2-99d0-ace404380592
40	2025-04-11 15:04:51.120922+03	5b03048d-528e-4fe6-abab-211ea725c6c1	Стол (1234)	2	[{"changed": {"fields": ["\\u0414\\u043e\\u0441\\u0442\\u0443\\u043f\\u0435\\u043d \\u043a \\u0437\\u0430\\u043a\\u0430\\u0437\\u0443"]}}]	8	089f3b69-85a4-49e2-99d0-ace404380592
41	2025-04-11 15:04:56.38733+03	52c16244-6984-477c-82e4-b5da090248f1	Стол (12)	2	[]	8	089f3b69-85a4-49e2-99d0-ace404380592
42	2025-04-11 15:05:04.579908+03	52c16244-6984-477c-82e4-b5da090248f1	Стол (12)	2	[]	8	089f3b69-85a4-49e2-99d0-ace404380592
43	2025-04-11 15:05:14.289669+03	3896b22d-7fa4-4f49-ab2b-426a0abee2d6	Мягкая мебель	2	[]	7	089f3b69-85a4-49e2-99d0-ace404380592
44	2025-04-11 16:18:32.637848+03	e96a3180-8689-4ca5-9e0b-e6f1636f1027	Столы	3		7	089f3b69-85a4-49e2-99d0-ace404380592
45	2025-04-11 16:18:32.637906+03	3896b22d-7fa4-4f49-ab2b-426a0abee2d6	Мягкая мебель	3		7	089f3b69-85a4-49e2-99d0-ace404380592
46	2025-04-11 16:18:46.399878+03	52c16244-6984-477c-82e4-b5da090248f1	Стол (12)	3		8	089f3b69-85a4-49e2-99d0-ace404380592
47	2025-04-11 16:19:09.900596+03	d7935be8-1162-4679-87bf-d37fb78e0f61	Cx (123)	3		8	089f3b69-85a4-49e2-99d0-ace404380592
48	2025-04-11 16:19:09.900618+03	5b03048d-528e-4fe6-abab-211ea725c6c1	Стол (1234)	3		8	089f3b69-85a4-49e2-99d0-ace404380592
49	2025-04-14 14:22:52.350053+03	5e4d30b7-fbc1-4819-a6d4-974ed7be02a3	Стол	1	[{"added": {}}]	7	089f3b69-85a4-49e2-99d0-ace404380592
50	2025-04-14 14:23:19.518826+03	4426b0dc-1076-4299-8ace-7b28ac0fb53f	Стол (1)	1	[{"added": {}}]	8	089f3b69-85a4-49e2-99d0-ace404380592
51	2025-04-14 14:23:30.065956+03	4426b0dc-1076-4299-8ace-7b28ac0fb53f	Стол (1)	2	[{"changed": {"fields": ["\\u0414\\u043e\\u0441\\u0442\\u0443\\u043f\\u0435\\u043d \\u043a \\u0437\\u0430\\u043a\\u0430\\u0437\\u0443"]}}]	8	089f3b69-85a4-49e2-99d0-ace404380592
52	2025-04-14 14:23:37.273487+03	4426b0dc-1076-4299-8ace-7b28ac0fb53f	Стол (1)	2	[{"changed": {"fields": ["\\u0414\\u043e\\u0441\\u0442\\u0443\\u043f\\u0435\\u043d \\u043a \\u0437\\u0430\\u043a\\u0430\\u0437\\u0443"]}}]	8	089f3b69-85a4-49e2-99d0-ace404380592
53	2025-04-14 14:23:59.963854+03	50b1408e-7363-4473-a0d3-c1e54aeed23e	Стол (2)	1	[{"added": {}}]	8	089f3b69-85a4-49e2-99d0-ace404380592
54	2025-04-14 14:24:18.829005+03	50b1408e-7363-4473-a0d3-c1e54aeed23e	Стол (2)	2	[{"changed": {"fields": ["\\u0426\\u0435\\u043d\\u0430"]}}]	8	089f3b69-85a4-49e2-99d0-ace404380592
55	2025-04-15 18:49:01.304+03	922c633e-6302-4f21-97b2-d0c1c2f2e359	Sfsdfws (123)	3		8	089f3b69-85a4-49e2-99d0-ace404380592
56	2025-04-15 18:49:29.442682+03	7b7a97aa-5bbf-4e79-908b-90cf5363595c	Диван (123)	1	[{"added": {}}]	8	089f3b69-85a4-49e2-99d0-ace404380592
57	2025-04-21 17:48:58.853289+03	cef1c5ed-38df-4609-a39b-a3ad218287a6	Корзина #cef1c5ed-38df-4609-a39b-a3ad218287a6	1	[{"added": {}}, {"added": {"name": "\\u0422\\u043e\\u0432\\u0430\\u0440 \\u0432 \\u043a\\u043e\\u0440\\u0437\\u0438\\u043d\\u0435", "object": "\\u0421\\u0442\\u043e\\u043b \\u00d7 1"}}]	12	089f3b69-85a4-49e2-99d0-ace404380592
58	2025-04-21 17:49:23.5213+03	7d138b0d-7096-4c0c-aa37-b06221999bed	Заказ #7d138b0d-7096-4c0c-aa37-b06221999bed - Новый	1	[{"added": {}}]	10	089f3b69-85a4-49e2-99d0-ace404380592
59	2025-04-21 17:49:29.520385+03	7d138b0d-7096-4c0c-aa37-b06221999bed	Заказ #7d138b0d-7096-4c0c-aa37-b06221999bed - Новый	2	[]	10	089f3b69-85a4-49e2-99d0-ace404380592
60	2025-04-21 17:49:47.2322+03	7d138b0d-7096-4c0c-aa37-b06221999bed	Заказ #7d138b0d-7096-4c0c-aa37-b06221999bed - Новый	3		10	089f3b69-85a4-49e2-99d0-ace404380592
61	2025-04-21 17:49:58.469925+03	cef1c5ed-38df-4609-a39b-a3ad218287a6	Корзина #cef1c5ed-38df-4609-a39b-a3ad218287a6	3		12	089f3b69-85a4-49e2-99d0-ace404380592
62	2025-04-21 17:50:14.43657+03	6e84f67b-b0a0-4ab4-b2a5-26328a41de8f	Корзина #6e84f67b-b0a0-4ab4-b2a5-26328a41de8f	1	[{"added": {}}]	12	089f3b69-85a4-49e2-99d0-ace404380592
63	2025-04-21 17:50:22.571029+03	f67afb4e-45d2-4440-890c-b7c07625ed37	Диван × 1	1	[{"added": {}}]	13	089f3b69-85a4-49e2-99d0-ace404380592
64	2025-04-21 17:50:31.961311+03	f67afb4e-45d2-4440-890c-b7c07625ed37	Диван × 1	2	[]	13	089f3b69-85a4-49e2-99d0-ace404380592
65	2025-04-21 17:51:07.086407+03	1792dc38-81c1-4d70-a719-ba65432fb89a	Стол × 1	1	[{"added": {}}]	13	089f3b69-85a4-49e2-99d0-ace404380592
66	2025-04-21 17:51:40.89036+03	6e84f67b-b0a0-4ab4-b2a5-26328a41de8f	Корзина #6e84f67b-b0a0-4ab4-b2a5-26328a41de8f	2	[{"changed": {"name": "\\u0422\\u043e\\u0432\\u0430\\u0440 \\u0432 \\u043a\\u043e\\u0440\\u0437\\u0438\\u043d\\u0435", "object": "\\u0414\\u0438\\u0432\\u0430\\u043d \\u00d7 3", "fields": ["Quantity"]}}]	12	089f3b69-85a4-49e2-99d0-ace404380592
67	2025-04-21 17:51:45.010444+03	6e84f67b-b0a0-4ab4-b2a5-26328a41de8f	Корзина #6e84f67b-b0a0-4ab4-b2a5-26328a41de8f	2	[]	12	089f3b69-85a4-49e2-99d0-ace404380592
68	2025-04-21 17:51:52.754672+03	6e84f67b-b0a0-4ab4-b2a5-26328a41de8f	Корзина #6e84f67b-b0a0-4ab4-b2a5-26328a41de8f	2	[{"changed": {"name": "\\u0422\\u043e\\u0432\\u0430\\u0440 \\u0432 \\u043a\\u043e\\u0440\\u0437\\u0438\\u043d\\u0435", "object": "\\u0414\\u0438\\u0432\\u0430\\u043d \\u00d7 6", "fields": ["Quantity"]}}]	12	089f3b69-85a4-49e2-99d0-ace404380592
69	2025-04-21 17:51:57.547494+03	6e84f67b-b0a0-4ab4-b2a5-26328a41de8f	Корзина #6e84f67b-b0a0-4ab4-b2a5-26328a41de8f	2	[{"changed": {"name": "\\u0422\\u043e\\u0432\\u0430\\u0440 \\u0432 \\u043a\\u043e\\u0440\\u0437\\u0438\\u043d\\u0435", "object": "\\u0414\\u0438\\u0432\\u0430\\u043d \\u00d7 9", "fields": ["Quantity"]}}]	12	089f3b69-85a4-49e2-99d0-ace404380592
70	2025-04-21 17:52:45.267977+03	f67afb4e-45d2-4440-890c-b7c07625ed37	Диван × 18	2	[{"changed": {"fields": ["Quantity"]}}]	13	089f3b69-85a4-49e2-99d0-ace404380592
71	2025-04-21 17:52:56.241544+03	1792dc38-81c1-4d70-a719-ba65432fb89a	Стол × 2	2	[{"changed": {"fields": ["Quantity"]}}]	13	089f3b69-85a4-49e2-99d0-ace404380592
72	2025-04-21 18:00:58.425869+03	8b017825-c31f-4ed2-aba0-072273fa1e55	Корзина #8b017825-c31f-4ed2-aba0-072273fa1e55	1	[{"added": {}}]	12	089f3b69-85a4-49e2-99d0-ace404380592
73	2025-04-21 18:01:00.210596+03	e6951f16-c66d-4c13-9674-cc341498e081	Диван × 19	1	[{"added": {}}]	13	089f3b69-85a4-49e2-99d0-ace404380592
\.


--
-- Data for Name: django_content_type; Type: TABLE DATA; Schema: public; Owner: homestyle_user
--

COPY public.django_content_type (id, app_label, model) FROM stdin;
1	admin	logentry
2	auth	permission
3	auth	group
4	contenttypes	contenttype
5	sessions	session
6	users	user
7	catalog	category
8	catalog	product
9	catalog	productextraimage
10	orders	order
11	orders	orderitem
12	cart	cart
13	cart	cartitem
\.


--
-- Data for Name: django_migrations; Type: TABLE DATA; Schema: public; Owner: homestyle_user
--

COPY public.django_migrations (id, app, name, applied) FROM stdin;
1	contenttypes	0001_initial	2025-03-31 20:13:53.606014+03
2	contenttypes	0002_remove_content_type_name	2025-03-31 20:13:53.61036+03
3	auth	0001_initial	2025-03-31 20:13:53.637357+03
4	auth	0002_alter_permission_name_max_length	2025-03-31 20:13:53.639787+03
5	auth	0003_alter_user_email_max_length	2025-03-31 20:13:53.642069+03
6	auth	0004_alter_user_username_opts	2025-03-31 20:13:53.64421+03
7	auth	0005_alter_user_last_login_null	2025-03-31 20:13:53.646473+03
8	auth	0006_require_contenttypes_0002	2025-03-31 20:13:53.648116+03
9	auth	0007_alter_validators_add_error_messages	2025-03-31 20:13:53.650815+03
10	auth	0008_alter_user_username_max_length	2025-03-31 20:13:53.654402+03
11	auth	0009_alter_user_last_name_max_length	2025-03-31 20:13:53.657904+03
12	auth	0010_alter_group_name_max_length	2025-03-31 20:13:53.66558+03
13	auth	0011_update_proxy_permissions	2025-03-31 20:13:53.668419+03
14	auth	0012_alter_user_first_name_max_length	2025-03-31 20:13:53.673749+03
15	users	0001_initial	2025-03-31 20:13:53.690467+03
16	admin	0001_initial	2025-03-31 20:13:53.697754+03
17	admin	0002_logentry_remove_auto_add	2025-03-31 20:13:53.700855+03
18	admin	0003_logentry_add_action_flag_choices	2025-03-31 20:13:53.703963+03
19	catalog	0001_initial	2025-03-31 20:13:53.729273+03
20	cart	0001_initial	2025-03-31 20:13:53.732577+03
21	cart	0002_initial	2025-03-31 20:13:53.766728+03
22	orders	0001_initial	2025-03-31 20:13:53.789609+03
23	sessions	0001_initial	2025-03-31 20:13:53.792493+03
24	catalog	0002_auto_20250331_2036	2025-03-31 20:36:27.55821+03
25	orders	0002_alter_order_cart	2025-04-01 18:13:57.995279+03
30	catalog	0003_product__actual_price_product_availability_status_and_more	2025-04-14 14:21:53.157558+03
31	catalog	0004_alter_productextraimage_product	2025-04-15 13:25:53.090766+03
32	cart	0003_alter_cartitem_price	2025-04-23 16:24:47.878006+03
33	cart	0004_remove_cartitem_price	2025-04-25 18:03:20.958536+03
34	cart	0005_remove_cartitem_unique_product_in_cart_and_more	2025-05-19 15:52:33.687057+03
35	cart	0006_alter_cart_options_alter_cartitem_options_and_more	2025-05-28 17:29:17.176765+03
36	orders	0003_order_user	2025-06-03 12:29:20.603357+03
37	orders	0004_order_notes	2025-06-06 18:21:33.976095+03
\.


--
-- Data for Name: django_session; Type: TABLE DATA; Schema: public; Owner: homestyle_user
--

COPY public.django_session (session_key, session_data, expire_date) FROM stdin;
cqjyf0rvzekrlcwfk164leb404hneflc	.eJxVzDsOwjAQRdG9uMbWOP4OJT1riGY8DgmgRMqnQuwdIqWA-t3zXqqlbe3bbalzO4g6K8jYOY6ocyCvPdZGIwpoKtWDdxkCNur0y5jKo467lTuNt8mUaVzngc2emGNdzHWS-rwc7d9BT0v_1TY1UdBZW1yRItXniN6mQt4Fy7YkAKjSZe4Qo48pkXPCHDMgMUBQ7w9xpUAA:1tzJ4o:P_W8y1ID6dlzcgSzlAp-FnqqW_QRuO6q8bCtn8j4Baw	2025-03-31 21:37:34.441763+03
hpyetr2tmqyell93vgdo47n8mlxtuzlt	.eJxVzDsOwjAQRdG9uMbWOP4OJT1riGY8DgmgRMqnQuwdIqWA-t3zXqqlbe3bbalzO4g6K8jYOY6ocyCvPdZGIwpoKtWDdxkCNur0y5jKo467lTuNt8mUaVzngc2emGNdzHWS-rwc7d9BT0v_1TY1UdBZW1yRItXniN6mQt4Fy7YkAKjSZe4Qo48pkXPCHDMgMUBQ7w9xpUAA:1tzdR7:aEzbyc5sjAl4QLstkTdjJic7crFmVOIHPxqEh4cuZ0c	2025-04-01 19:21:57.049511+03
o2jiq56ng1n8ffehpohpkjvda1iqaiio	.eJxVzDsOwjAQRdG9uMbWOP4OJT1riGY8DgmgRMqnQuwdIqWA-t3zXqqlbe3bbalzO4g6K8jYOY6ocyCvPdZGIwpoKtWDdxkCNur0y5jKo467lTuNt8mUaVzngc2emGNdzHWS-rwc7d9BT0v_1TY1UdBZW1yRItXniN6mQt4Fy7YkAKjSZe4Qo48pkXPCHDMgMUBQ7w9xpUAA:1u0Gdn:oph2PPQ-zf6nzCzjXSjB0lMfrbAeT0UpjA4EGc-KWN0	2025-04-03 13:13:39.743785+03
f95kedi5jzdwreh2hofsx0n3xm789to1	.eJxVzDsOwjAQRdG9uMbWOP4OJT1riGY8DgmgRMqnQuwdIqWA-t3zXqqlbe3bbalzO4g6K8jYOY6ocyCvPdZGIwpoKtWDdxkCNur0y5jKo467lTuNt8mUaVzngc2emGNdzHWS-rwc7d9BT0v_1TY1UdBZW1yRItXniN6mQt4Fy7YkAKjSZe4Qo48pkXPCHDMgMUBQ7w9xpUAA:1u0HaL:bIYOAS6--bdTPZu_KR5Kl8U0J_PFRxvCDnOAHGL4Hu4	2025-04-03 14:14:09.534434+03
ye54hxcyztn4rko32omcp44aufkwcsq7	.eJxVzDsOwjAQRdG9uMbWOP4OJT1riGY8DgmgRMqnQuwdIqWA-t3zXqqlbe3bbalzO4g6K8jYOY6ocyCvPdZGIwpoKtWDdxkCNur0y5jKo467lTuNt8mUaVzngc2emGNdzHWS-rwc7d9BT0v_1TY1UdBZW1yRItXniN6mQt4Fy7YkAKjSZe4Qo48pkXPCHDMgMUBQ7w9xpUAA:1u0MSX:LgiwHARhHLxTDgxcCIZGLeEPVCvXHFp6x5tR9Xjzm7M	2025-04-03 19:26:25.506681+03
dl4nsgau6t0wdrhyf9immpgesitafboz	.eJxVzDkOwjAQheG7uMaWscfLUNJzhmjGHhMWJVKWCnF3iJQC6vd_76U6Wpe-W2eZultVJ2UzNs8RdQ4EGlCcRqxWUxGw4LMN6NThlzGVhwybrXcarqMp47BMNzZbYvZ1NpexyvO8t38HPc39V-cYo7hjCKEBo6BwcpCgVPYIlDN6SYQuN7YRxQI3cpacIAmmVIJ6fwByy0Bd:1u0eOz:c5aj_0SMG9tST-T9xci5d1dTT6aH3E_O0bijTmxQrVs	2025-04-04 14:35:57.949533+03
63giw4e6lun37mjju3xj551vkczyiscw	.eJxVzDkOwjAQheG7uMaWscfLUNJzhmjGHhMWJVKWCnF3iJQC6vd_76U6Wpe-W2eZultVJ2UzNs8RdQ4EGlCcRqxWUxGw4LMN6NThlzGVhwybrXcarqMp47BMNzZbYvZ1NpexyvO8t38HPc39V-cYo7hjCKEBo6BwcpCgVPYIlDN6SYQuN7YRxQI3cpacIAmmVIJ6fwByy0Bd:1u2TMp:XJrTOqqr8EZu7VsmIdmyV1t_m08OxiKgLhu28Cz1XUk	2025-04-09 15:13:15.334747+03
iki25xs2vzu8e76xbeflbgovqxl0qg38	.eJxVzDkOwjAQheG7uMaWscfLUNJzhmjGHhMWJVKWCnF3iJQC6vd_76U6Wpe-W2eZultVJ2UzNs8RdQ4EGlCcRqxWUxGw4LMN6NThlzGVhwybrXcarqMp47BMNzZbYvZ1NpexyvO8t38HPc39V-cYo7hjCKEBo6BwcpCgVPYIlDN6SYQuN7YRxQI3cpacIAmmVIJ6fwByy0Bd:1u2VnJ:2lDxRXrC5PY-eVXdY14bSvnvKAoEp63zsy0x8xs0S1s	2025-04-09 17:48:45.19882+03
ai8eq4c5a3e6mrulh2v56kmuzemexgpq	.eJxVzDkOwjAQheG7uMaWscfLUNJzhmjGHhMWJVKWCnF3iJQC6vd_76U6Wpe-W2eZultVJ2UzNs8RdQ4EGlCcRqxWUxGw4LMN6NThlzGVhwybrXcarqMp47BMNzZbYvZ1NpexyvO8t38HPc39V-cYo7hjCKEBo6BwcpCgVPYIlDN6SYQuN7YRxQI3cpacIAmmVIJ6fwByy0Bd:1u3AOD:jdB8FwhXQivXXNRs6C64FQTzUPDJO2Bx4jdPo8PqNjE	2025-04-11 13:09:33.700317+03
qfhvpjg20hpubcn2w1nc4ct4gnv2mgpv	.eJxVzDkOwjAQheG7uMaWscfLUNJzhmjGHhMWJVKWCnF3iJQC6vd_76U6Wpe-W2eZultVJ2UzNs8RdQ4EGlCcRqxWUxGw4LMN6NThlzGVhwybrXcarqMp47BMNzZbYvZ1NpexyvO8t38HPc39V-cYo7hjCKEBo6BwcpCgVPYIlDN6SYQuN7YRxQI3cpacIAmmVIJ6fwByy0Bd:1u3BPy:uDYT-XrVUFJh5PSNe9LTan9n2DI8a-03T-gy62NTtGA	2025-04-11 14:15:26.688193+03
rdootwdkhhqxgzhdy1fbp9c7y0rs60j4	.eJxVzDkOwjAQheG7uMaWscfLUNJzhmjGHhMWJVKWCnF3iJQC6vd_76U6Wpe-W2eZultVJ2UzNs8RdQ4EGlCcRqxWUxGw4LMN6NThlzGVhwybrXcarqMp47BMNzZbYvZ1NpexyvO8t38HPc39V-cYo7hjCKEBo6BwcpCgVPYIlDN6SYQuN7YRxQI3cpacIAmmVIJ6fwByy0Bd:1u3CO3:HSu-RP0RROrL1wmy5kJeYvQiMeVkyV2tmKtjXRwDZng	2025-04-11 15:17:31.653002+03
1pecxxlju4ip0vc2k5o39j65l053ke38	.eJxVzDkOwjAQheG7uMaWscfLUNJzhmjGHhMWJVKWCnF3iJQC6vd_76U6Wpe-W2eZultVJ2UzNs8RdQ4EGlCcRqxWUxGw4LMN6NThlzGVhwybrXcarqMp47BMNzZbYvZ1NpexyvO8t38HPc39V-cYo7hjCKEBo6BwcpCgVPYIlDN6SYQuN7YRxQI3cpacIAmmVIJ6fwByy0Bd:1u3EGz:PXNeEE9vT7G2U99RcfD5Civ6jt8on4sMIpoUsFL1wKc	2025-04-11 17:18:21.241723+03
i021llcx7d5p0e2ag5w6xs8scled3qdm	.eJxVzDkOwjAQheG7uMaWscfLUNJzhmjGHhMWJVKWCnF3iJQC6vd_76U6Wpe-W2eZultVJ2UzNs8RdQ4EGlCcRqxWUxGw4LMN6NThlzGVhwybrXcarqMp47BMNzZbYvZ1NpexyvO8t38HPc39V-cYo7hjCKEBo6BwcpCgVPYIlDN6SYQuN7YRxQI3cpacIAmmVIJ6fwByy0Bd:1u4dJz:wuX40NQQk9TcqefTIKb2pb5XcTdj36g5ksPe1GdIxgA	2025-04-15 14:15:15.864469+03
5gnnwtdynhb7gzpnwqqudm8mo3xwx1kc	.eJxVzDkOwjAQheG7uMaWscfLUNJzhmjGHhMWJVKWCnF3iJQC6vd_76U6Wpe-W2eZultVJ2UzNs8RdQ4EGlCcRqxWUxGw4LMN6NThlzGVhwybrXcarqMp47BMNzZbYvZ1NpexyvO8t38HPc39V-cYo7hjCKEBo6BwcpCgVPYIlDN6SYQuN7YRxQI3cpacIAmmVIJ6fwByy0Bd:1u4iWi:eK0MkGuooQLCK_b8cDgU-cGolOMcXo5umbbVwSV1fqg	2025-04-15 19:48:44.474542+03
1lu1ykbm3v0zvvx3pcv778vqlc4u1dnl	.eJxVzDkOwjAQheG7uMaWscfLUNJzhmjGHhMWJVKWCnF3iJQC6vd_76U6Wpe-W2eZultVJ2UzNs8RdQ4EGlCcRqxWUxGw4LMN6NThlzGVhwybrXcarqMp47BMNzZbYvZ1NpexyvO8t38HPc39V-cYo7hjCKEBo6BwcpCgVPYIlDN6SYQuN7YRxQI3cpacIAmmVIJ6fwByy0Bd:1u6sRX:XsJHm4e_tEQNfPMWZHcw4RvIMOQFg2S0_NfUKDhHeSM	2025-04-21 18:48:19.301475+03
0jfr4k6wnny93bup7s0nadcncpv2la6y	e30:1u7ZyG:AP12Cq1OycBHCUkRh4_laKzr3PtHUCRm4qjzUVQ_e34	2025-04-23 17:17:00.332506+03
yi1g79s5fp0970lqo1jxrtzdjf4qcmdc	e30:1u7a0j:99JXR4BmGn0ZjQ5KxI8FwSHCUKm3mhc2_T4vhKCBLFs	2025-04-23 17:19:33.192183+03
3ld2vt6y91t0v16athbe91qvchfdei3s	e30:1u8H9K:aH_gjP_aT7Z25cCg-5HCf417fnfU_fyWE8GxOEVGwP0	2025-04-25 15:23:18.989763+03
1w0olf7kc6j52ispm72iftb9s04en7au	e30:1u8KLD:8C_QL5AUAQNrXT7KxHjIsjPUKEPMXKUP54i0RDCWDxI	2025-04-25 18:47:47.204638+03
280gx90ada0rvg4a8k3zrti10l1ttmhq	e30:1u8KYr:_RYsM2DLc0OuLz3q4FMMQz4a-gXm33Ad3ShClqHrmCw	2025-04-25 19:01:53.745448+03
payaufyi1xu0e6q0w6ldtn4rja69w8rl	e30:1uA8k4:wLKAm8XSckP82haZtkButYTDbHFf6QsEQC_-sTz___k	2025-04-30 18:48:56.753159+03
znyhm9awo6atfairxahzctmllx1f51ip	e30:1uA9OP:19sGJQxCAgrXSk9qtZSPjcZtnvGP4So74B8lK0kqdEc	2025-04-30 19:30:37.714864+03
tv6v1yknmvbd0wcy6wo9sakxogdrtdq0	e30:1uA9kb:1rAZCs5DYpy8S9hGbPCbFwkSLfQ908jpZlSEApCJfZk	2025-04-30 19:53:33.789234+03
wl9r8vds0fnfvbc4gn56z6fslkkg4cp9	e30:1uETA1:jySV5xXmnx80TadOzVMejguXMXE_H2s2OZM_pbD2EQk	2025-05-12 17:25:37.765349+03
np5fpr50hh8r3wq82z6wbw2i7502riys	e30:1uH13l:JRTLKf0j0w-y-5duZiUcq528Ajay2As9aRaG3gFYxPs	2025-05-19 18:01:41.345329+03
iui53rx0tjm50i3yzp8wx5kk2ivn3i0o	e30:1uHI7t:kWPLaNT0J2vzeCJtd2jEdShmejU2eyKDpz42Czd1sIE	2025-05-20 12:15:05.325512+03
lu8y4ogwmn57kfquqy2pm08o5q320n19	e30:1uHlXm:FrZzuAKzEjNrNIPYoWPZMP1JkL4-ibVXakGp281taHo	2025-05-21 19:39:46.128903+03
tsf5yaew78wmbs218yiqwe2ajc65lh3b	e30:1uHm3b:H4rcvInfLIALoPXomb6lH1yLD5pqmgziJNF3G3YrNXA	2025-05-21 20:12:39.788931+03
8lnycmf5lg6jt76c3iqcedqh480tp1wq	e30:1uJwSu:qS8p_QhEk0q75xG_palFyQfkz9_FMrY1BHHPU-hHZds	2025-05-27 19:43:44.301829+03
y7t23611npjaeea4j1bp3id23qmg52uy	e30:1uJwUD:_jkS1RNRKWzF02iyC1LcriVtENZ4dfuervaJAilXHG8	2025-05-27 19:45:05.895169+03
fetfijovunbtveagh56vo1urwjb27q0g	e30:1uKBR3:iVAFbZBuV1nXDVxmkHJYO8S_Vx6ia-X4_RTarb_FXCA	2025-05-28 11:42:49.819308+03
cyurcjqtorion8v1utftpr352u87m5ym	e30:1uKEMS:Mx6LuwvCinFtoOjCHUYrgq1bWo9k2AJCk5455_7AfWQ	2025-05-28 14:50:16.671912+03
i6q2mykehg0aywchricp7ax9o7oxpfw6	e30:1uKFRb:eM9iNgGqYnuAFzEt2Px9GKjBf8jQSUcV5SMysOBRoVc	2025-05-28 15:59:39.707851+03
1zn5d3i6p6b3wh85in6gzucmjjcndko6	e30:1uKFSR:XawkkM3JlBhlFddSKqlX8P7aNF2cOOVwgIs_gBeCfq8	2025-05-28 16:00:31.993471+03
iocihotbycfhesces8rmgnxqq2lcev7s	e30:1uKFVr:KVWzJy-Q8WZUbMOe-0oQT3OlC5DojXPS8fLs8CHfmlE	2025-05-28 16:04:03.041281+03
c9uli4vu57c5gbiu00ebg5czbnzzx4ir	e30:1uKFW1:AIU6CBiTlNZzzBkXdgWrLuaUcn4VE_sLY9jVz5iUdaI	2025-05-28 16:04:13.04085+03
ou4qeb3ryy70ou3gwtpul9r6mloyab80	e30:1uKFWT:KPDyoHqtAXedrsWy-YDp7oBilQ_NyQ2v30xTnvyNikw	2025-05-28 16:04:41.348961+03
n0yjuvzd7pb8rwilp6n1tdf0f39annyh	e30:1uKFWm:cCyqV_rGamgZJ2WXTZMMY56Ok6qxSY8LisYtymslL_0	2025-05-28 16:05:00.533971+03
b1v3ql6hpgs7356c8dahffew3dedch61	e30:1uKI8K:F38Pdm3P0VPDTIhn2BNMhskcR3Y_d7qhAqB9K8P__fQ	2025-05-28 18:51:56.326894+03
13twy3f0lm3ph1fju3p6ysmksw8ckflr	e30:1uKWTs:4Z3s-P5TEBXFmovDSj3Sr-rvBQZmZrFGq6_st6y3nUc	2025-05-29 10:11:08.249738+03
nk1xhajy82ma0yagbmkuq3p6welg0dgl	e30:1uKWYp:AsT1Hgjhy_rCY99AqP69KTJ53mCUQADd4WNJ7Udbrdw	2025-05-29 10:16:15.894797+03
ya7jibkf7dvdrv15mokiufc495211q8v	e30:1uKdrM:Io533FZclrTaKNqKEo1j_upPT6Nq7q-bD_USn0m07Xk	2025-05-29 18:03:52.200203+03
y91ynwi7aelsttwb17tsh7fgb90pv7mb	e30:1uMNBZ:zT2sRWvam_tSA6QPYfXx18d6oNKje_uTRAHil_K6C3o	2025-06-03 12:39:53.932821+03
ysyjndp7ljds4xhisumv6gq2nlykv6gp	e30:1uMNd3:OjHa4WGaNsDgs9vJJmKIX6tO4kyncso5dhG-noVIa7s	2025-06-03 13:08:17.369423+03
oko8bcsqukygbe2rphx22qkj20p7sfgg	e30:1uMQ6w:FgDooAC_f097FrQGEeBk0HHmHukHso1RY5ZApT8-n90	2025-06-03 15:47:18.478833+03
j5veepfejm7qqsc9m2j8c2wa5599j7c7	.eJxVzDsOwjAQRdG9uCaWx_-hpGcN0czYIQGUSPlUiL1DpBRQv3veS7W0rX27LXVuh6LOymTsHEdsciDfeKy2QSymIaneeJdNQKtOv4xJHnXcbbnTeJu0TOM6D6z3RB_roq9Tqc_L0f4d9LT0X-1dR1YkCuSUKrD1hiFXn2NKaDoQwkAFnWO0kgIRmMgWIFEohhjU-wN4U0Ad:1uOvQ5:a87WsIZx6ln1K0kSuIGxEsY0hDIc23seP_gnjBiZku0	2025-06-10 13:37:25.888385+03
45om9zjims6bv8dk6b5cry7pvsz3uafj	e30:1uOvZn:5-qiJ6016UMfeWUnb6SXE-XJf-JsobeYLnFmNYUfVw4	2025-06-10 13:47:27.089157+03
1giiykh3871n2qq7rtsdxqmj6u7pqu3i	.eJxVzDsOwjAQRdG9uCaWx_-hpGcN0czYIQGUSPlUiL1DpBRQv3veS7W0rX27LXVuh6LOymTsHEdsciDfeKy2QSymIaneeJdNQKtOv4xJHnXcbbnTeJu0TOM6D6z3RB_roq9Tqc_L0f4d9LT0X-1dR1YkCuSUKrD1hiFXn2NKaDoQwkAFnWO0kgIRmMgWIFEohhjU-wN4U0Ad:1uOvcU:5GJBL231Bkac01eWk4Bs4Ho7m1wEdexo_FKhMGEiUG0	2025-06-10 13:50:14.333309+03
\.


--
-- Data for Name: orders_order; Type: TABLE DATA; Schema: public; Owner: homestyle_user
--

COPY public.orders_order (id, full_name, phone, email, status, created_at, updated_at, cart_id, user_id, notes) FROM stdin;
2efc05f4-6ef9-4891-a70f-e53b27ac5415	Виктор Калинина	+71030477771	sokolovapolina@example.com	new	2025-06-10 13:21:17.873043+03	2025-06-10 13:21:17.873048+03	21a7fac8-2a07-4302-bdd2-6ba762729601	8538617e-7bf2-4fe0-8f22-e4a4d4cccd73	\N
f432b733-c8c1-4943-bdae-3846fe250111	Лаврентий Федосеева	8 258 691 79 77	makarovsemen@example.net	new	2025-06-10 13:21:17.880132+03	2025-06-10 13:21:17.880141+03	b0e1cc3e-8b27-44f2-9c04-5309f88a81fc	cbb39459-c0f5-43a3-951e-8a6489e368ea	\N
48591e16-3fd7-4fd9-9654-b3e347658774	Софон Маслова	+7 (787) 336-1453	jakov55@example.org	new	2025-06-10 13:21:17.88561+03	2025-06-10 13:21:17.885614+03	e7a549cc-91ad-4692-bac4-62f37e28f675	81783123-1b17-4fb4-96ff-b0e893503a80	\N
05a7c946-9a68-4c90-ad80-3c9c124fe2a0	Фока Рогов	8 695 813 2968	fedot_85@example.org	new	2025-06-10 13:21:17.889571+03	2025-06-10 13:21:17.889575+03	1a35737e-9115-4da3-bf51-1a85f6d9ce35	f1ce3f76-ba9c-455e-a154-71a449b396d7	\N
4707f018-f7d4-4b44-bc0e-2160139bd1e5	Сильвестр Васильев	85063300673	viktorija_2022@example.org	new	2025-06-10 13:21:17.893276+03	2025-06-10 13:21:17.89328+03	ee860295-285c-4c9e-9228-5075d1e6978e	c6105ff5-9801-44c1-b030-847798de3fa6	\N
633a9dbd-15ce-48fb-a659-5192788a726f	Элеонора Мамонтова	+7 184 288 7360	sidorovsamuil@example.com	new	2025-06-10 13:21:17.897824+03	2025-06-10 13:21:17.897827+03	95773877-c772-443f-af76-42257f9580a7	ebf6ad2f-1648-4a82-855a-6b56b6c9788e	\N
95e4a198-ba87-48ec-83a2-8a3a2bb6ee48	Вера Абрамова	88863632918	suhanovstanimir@example.com	new	2025-06-10 13:21:17.90136+03	2025-06-10 13:21:17.901364+03	b2d0f86c-d90b-4a0b-9409-bbb8c3df36bd	aa3d7f72-bcd0-4ea4-bed4-de741fa46f81	\N
bb4567fd-4375-4701-9a0f-887d9a0a0c38	Василиса Сысоев	8 (703) 540-3702	tihonovbronislav@example.com	new	2025-06-10 13:21:17.906011+03	2025-06-10 13:21:17.906015+03	3c0504f4-e77c-4c01-85a7-00e1621db836	7a9a9357-c198-4c51-885f-f3e65151898e	\N
\.


--
-- Data for Name: orders_orderitem; Type: TABLE DATA; Schema: public; Owner: homestyle_user
--

COPY public.orders_orderitem (id, quantity, price, order_id, product_id) FROM stdin;
7ef4378b-16c8-45c9-8b20-b9627b3a1738	1	6000.00	2efc05f4-6ef9-4891-a70f-e53b27ac5415	db504646-43c5-47fc-b038-9e3d171865df
07f603ab-c471-4218-bce8-0cf0c9ea921c	1	9999.00	2efc05f4-6ef9-4891-a70f-e53b27ac5415	52fc4eae-e9a1-47d6-aa30-70460b1f0aba
bb49292f-d5b6-4283-b4d5-870a9ebd2af1	2	7200.00	f432b733-c8c1-4943-bdae-3846fe250111	5a363e2c-13de-44f9-98ba-eebd89985d83
fc794061-21d6-42f0-8e43-28711896505c	1	18500.00	f432b733-c8c1-4943-bdae-3846fe250111	83890627-2a37-4f4c-b774-cf7a3ed9d332
32b6c637-3cbe-4a2c-be37-c6a16fa22bb8	2	2100.00	48591e16-3fd7-4fd9-9654-b3e347658774	81fd20f4-7606-407e-acbc-3d2bbc36a376
41f40975-0189-48c1-82a2-0228b59713df	1	1100.00	48591e16-3fd7-4fd9-9654-b3e347658774	9f90345c-2101-4bb0-a89d-857dd829c9bd
ed64df5f-6663-4e5f-b378-a71d20f349d7	3	3200.00	05a7c946-9a68-4c90-ad80-3c9c124fe2a0	a25c079a-b440-443d-859c-44c814e78978
a6d2e82f-75e5-4a2c-8fff-4f6441485246	1	18500.00	05a7c946-9a68-4c90-ad80-3c9c124fe2a0	83890627-2a37-4f4c-b774-cf7a3ed9d332
fd81cdd6-2eae-4df6-9898-69fd898accf0	1	3200.00	4707f018-f7d4-4b44-bc0e-2160139bd1e5	a25c079a-b440-443d-859c-44c814e78978
e812504a-d466-436b-9068-c873fc9d4cad	1	12680.00	4707f018-f7d4-4b44-bc0e-2160139bd1e5	b728f338-54fe-49ed-a773-1d656fa57985
cdc7d7e6-985d-462c-afb0-1b139e9de654	3	3200.00	633a9dbd-15ce-48fb-a659-5192788a726f	a25c079a-b440-443d-859c-44c814e78978
106f9ca3-22bf-48a1-9661-2ab5be792ecd	1	9999.00	95e4a198-ba87-48ec-83a2-8a3a2bb6ee48	52fc4eae-e9a1-47d6-aa30-70460b1f0aba
9209f7bb-5c7d-4847-a875-1553f9990a3e	3	3200.00	95e4a198-ba87-48ec-83a2-8a3a2bb6ee48	a25c079a-b440-443d-859c-44c814e78978
a201d5d5-1593-4549-adff-dc3fd13f914f	2	41400.00	bb4567fd-4375-4701-9a0f-887d9a0a0c38	d929827a-4b2d-460c-b713-b5cc37252034
aeb44b9b-4e05-442b-bb2e-59f934a751c7	3	32000.00	bb4567fd-4375-4701-9a0f-887d9a0a0c38	787fbd1d-0bdb-43f0-9721-ec60353c9213
\.


--
-- Data for Name: users_user; Type: TABLE DATA; Schema: public; Owner: homestyle_user
--

COPY public.users_user (password, last_login, id, email, phone, first_name, last_name, is_active, is_staff, is_superuser, date_joined) FROM stdin;
pbkdf2_sha256$870000$uPINa7gTRYXYBMEfPgLYkt$gKyLBLpyCKe6sWhDdHulVV2tkcEWgtMoqWfQjB36G8E=	2025-06-10 12:50:14.331074+03	089f3b69-85a4-49e2-99d0-ace404380592	admin@admin.ru		admin		t	t	t	2025-03-31 20:15:07.944556+03
pbkdf2_sha256$870000$l8efDPspLbPYu0UH4WAmCP$0pJk4tnFdx/oFcZUYKUBTFCxqd1uohq4/YLigip3OS0=	\N	8538617e-7bf2-4fe0-8f22-e4a4d4cccd73	sokolovapolina@example.com	+71030477771	Виктор	Калинина	t	f	f	2025-06-10 13:21:16.078726+03
pbkdf2_sha256$870000$XWt0uH4o7u13re4wtFi6Ol$VzLGawbaPfcLCDKaFh1lq4+tDv9/J1gTWolpPC+05uQ=	\N	cbb39459-c0f5-43a3-951e-8a6489e368ea	makarovsemen@example.net	8 258 691 79 77	Лаврентий	Федосеева	t	f	f	2025-06-10 13:21:16.318363+03
pbkdf2_sha256$870000$MCq9cbxow8jLmFZkSVEfeI$RudEt3UFKSUbcLPPaX1ehI0U/Z60gkRTBliFfXUE2/Q=	\N	81783123-1b17-4fb4-96ff-b0e893503a80	jakov55@example.org	+7 (787) 336-1453	Софон	Маслова	t	f	f	2025-06-10 13:21:16.532218+03
pbkdf2_sha256$870000$sj8GN5YDcMv3SfkX01WQzi$wayruGHMRCy+uNqUgZXMyFTDXXrWg/k51FCiDfy4Mgs=	\N	f1ce3f76-ba9c-455e-a154-71a449b396d7	fedot_85@example.org	8 695 813 2968	Фока	Рогов	t	f	f	2025-06-10 13:21:16.748985+03
pbkdf2_sha256$870000$Zl2QJQiCtYqUjyk04F4un1$exNKgyrCt6lsBSmIM0sj7qSzTi82M8j2sHzQXMW5xeA=	\N	c6105ff5-9801-44c1-b030-847798de3fa6	viktorija_2022@example.org	85063300673	Сильвестр	Васильев	t	f	f	2025-06-10 13:21:16.963312+03
pbkdf2_sha256$870000$GQb7gg2T41iIbJ3O9fDM6i$x/3beXVNMnTuy6MizpT/KPwcifokpKSkb1mMxA0W5NM=	\N	ebf6ad2f-1648-4a82-855a-6b56b6c9788e	sidorovsamuil@example.com	+7 184 288 7360	Элеонора	Мамонтова	t	f	f	2025-06-10 13:21:17.178611+03
pbkdf2_sha256$870000$QI8AcNadmsTTrsjPUcYVqJ$pq/jbazXIxtfBrHhoXYsHjJgUSkGSASTX1XYUhXDuI8=	\N	aa3d7f72-bcd0-4ea4-bed4-de741fa46f81	suhanovstanimir@example.com	88863632918	Вера	Абрамова	t	f	f	2025-06-10 13:21:17.395051+03
pbkdf2_sha256$870000$v8s1X64X63xdaucoUq5i5H$WDFrJ9hH4Yiyy9898jDBeU1kI/6xYaO+G1W/wQBJwy8=	\N	7a9a9357-c198-4c51-885f-f3e65151898e	tihonovbronislav@example.com	8 (703) 540-3702	Василиса	Сысоев	t	f	f	2025-06-10 13:21:17.609042+03
\.


--
-- Data for Name: users_user_groups; Type: TABLE DATA; Schema: public; Owner: homestyle_user
--

COPY public.users_user_groups (id, user_id, group_id) FROM stdin;
\.


--
-- Data for Name: users_user_user_permissions; Type: TABLE DATA; Schema: public; Owner: homestyle_user
--

COPY public.users_user_user_permissions (id, user_id, permission_id) FROM stdin;
\.


--
-- Name: auth_group_id_seq; Type: SEQUENCE SET; Schema: public; Owner: homestyle_user
--

SELECT pg_catalog.setval('public.auth_group_id_seq', 1, false);


--
-- Name: auth_group_permissions_id_seq; Type: SEQUENCE SET; Schema: public; Owner: homestyle_user
--

SELECT pg_catalog.setval('public.auth_group_permissions_id_seq', 1, false);


--
-- Name: auth_permission_id_seq; Type: SEQUENCE SET; Schema: public; Owner: homestyle_user
--

SELECT pg_catalog.setval('public.auth_permission_id_seq', 52, true);


--
-- Name: django_admin_log_id_seq; Type: SEQUENCE SET; Schema: public; Owner: homestyle_user
--

SELECT pg_catalog.setval('public.django_admin_log_id_seq', 73, true);


--
-- Name: django_content_type_id_seq; Type: SEQUENCE SET; Schema: public; Owner: homestyle_user
--

SELECT pg_catalog.setval('public.django_content_type_id_seq', 13, true);


--
-- Name: django_migrations_id_seq; Type: SEQUENCE SET; Schema: public; Owner: homestyle_user
--

SELECT pg_catalog.setval('public.django_migrations_id_seq', 37, true);


--
-- Name: users_user_groups_id_seq; Type: SEQUENCE SET; Schema: public; Owner: homestyle_user
--

SELECT pg_catalog.setval('public.users_user_groups_id_seq', 1, false);


--
-- Name: users_user_user_permissions_id_seq; Type: SEQUENCE SET; Schema: public; Owner: homestyle_user
--

SELECT pg_catalog.setval('public.users_user_user_permissions_id_seq', 1, false);


--
-- Name: auth_group auth_group_name_key; Type: CONSTRAINT; Schema: public; Owner: homestyle_user
--

ALTER TABLE ONLY public.auth_group
    ADD CONSTRAINT auth_group_name_key UNIQUE (name);


--
-- Name: auth_group_permissions auth_group_permissions_group_id_permission_id_0cd325b0_uniq; Type: CONSTRAINT; Schema: public; Owner: homestyle_user
--

ALTER TABLE ONLY public.auth_group_permissions
    ADD CONSTRAINT auth_group_permissions_group_id_permission_id_0cd325b0_uniq UNIQUE (group_id, permission_id);


--
-- Name: auth_group_permissions auth_group_permissions_pkey; Type: CONSTRAINT; Schema: public; Owner: homestyle_user
--

ALTER TABLE ONLY public.auth_group_permissions
    ADD CONSTRAINT auth_group_permissions_pkey PRIMARY KEY (id);


--
-- Name: auth_group auth_group_pkey; Type: CONSTRAINT; Schema: public; Owner: homestyle_user
--

ALTER TABLE ONLY public.auth_group
    ADD CONSTRAINT auth_group_pkey PRIMARY KEY (id);


--
-- Name: auth_permission auth_permission_content_type_id_codename_01ab375a_uniq; Type: CONSTRAINT; Schema: public; Owner: homestyle_user
--

ALTER TABLE ONLY public.auth_permission
    ADD CONSTRAINT auth_permission_content_type_id_codename_01ab375a_uniq UNIQUE (content_type_id, codename);


--
-- Name: auth_permission auth_permission_pkey; Type: CONSTRAINT; Schema: public; Owner: homestyle_user
--

ALTER TABLE ONLY public.auth_permission
    ADD CONSTRAINT auth_permission_pkey PRIMARY KEY (id);


--
-- Name: cart_cart cart_cart_pkey; Type: CONSTRAINT; Schema: public; Owner: homestyle_user
--

ALTER TABLE ONLY public.cart_cart
    ADD CONSTRAINT cart_cart_pkey PRIMARY KEY (id);


--
-- Name: cart_cartitem cart_cartitem_pkey; Type: CONSTRAINT; Schema: public; Owner: homestyle_user
--

ALTER TABLE ONLY public.cart_cartitem
    ADD CONSTRAINT cart_cartitem_pkey PRIMARY KEY (id);


--
-- Name: catalog_category catalog_category_name_key; Type: CONSTRAINT; Schema: public; Owner: homestyle_user
--

ALTER TABLE ONLY public.catalog_category
    ADD CONSTRAINT catalog_category_name_key UNIQUE (name);


--
-- Name: catalog_category catalog_category_pkey; Type: CONSTRAINT; Schema: public; Owner: homestyle_user
--

ALTER TABLE ONLY public.catalog_category
    ADD CONSTRAINT catalog_category_pkey PRIMARY KEY (id);


--
-- Name: catalog_category catalog_category_slug_key; Type: CONSTRAINT; Schema: public; Owner: homestyle_user
--

ALTER TABLE ONLY public.catalog_category
    ADD CONSTRAINT catalog_category_slug_key UNIQUE (slug);


--
-- Name: catalog_product catalog_product_pkey; Type: CONSTRAINT; Schema: public; Owner: homestyle_user
--

ALTER TABLE ONLY public.catalog_product
    ADD CONSTRAINT catalog_product_pkey PRIMARY KEY (id);


--
-- Name: catalog_product catalog_product_sku_key; Type: CONSTRAINT; Schema: public; Owner: homestyle_user
--

ALTER TABLE ONLY public.catalog_product
    ADD CONSTRAINT catalog_product_sku_key UNIQUE (sku);


--
-- Name: catalog_product catalog_product_slug_key; Type: CONSTRAINT; Schema: public; Owner: homestyle_user
--

ALTER TABLE ONLY public.catalog_product
    ADD CONSTRAINT catalog_product_slug_key UNIQUE (slug);


--
-- Name: catalog_productextraimage catalog_productextraimage_pkey; Type: CONSTRAINT; Schema: public; Owner: homestyle_user
--

ALTER TABLE ONLY public.catalog_productextraimage
    ADD CONSTRAINT catalog_productextraimage_pkey PRIMARY KEY (id);


--
-- Name: catalog_productextraimage catalog_productextraimage_slug_key; Type: CONSTRAINT; Schema: public; Owner: homestyle_user
--

ALTER TABLE ONLY public.catalog_productextraimage
    ADD CONSTRAINT catalog_productextraimage_slug_key UNIQUE (slug);


--
-- Name: django_admin_log django_admin_log_pkey; Type: CONSTRAINT; Schema: public; Owner: homestyle_user
--

ALTER TABLE ONLY public.django_admin_log
    ADD CONSTRAINT django_admin_log_pkey PRIMARY KEY (id);


--
-- Name: django_content_type django_content_type_app_label_model_76bd3d3b_uniq; Type: CONSTRAINT; Schema: public; Owner: homestyle_user
--

ALTER TABLE ONLY public.django_content_type
    ADD CONSTRAINT django_content_type_app_label_model_76bd3d3b_uniq UNIQUE (app_label, model);


--
-- Name: django_content_type django_content_type_pkey; Type: CONSTRAINT; Schema: public; Owner: homestyle_user
--

ALTER TABLE ONLY public.django_content_type
    ADD CONSTRAINT django_content_type_pkey PRIMARY KEY (id);


--
-- Name: django_migrations django_migrations_pkey; Type: CONSTRAINT; Schema: public; Owner: homestyle_user
--

ALTER TABLE ONLY public.django_migrations
    ADD CONSTRAINT django_migrations_pkey PRIMARY KEY (id);


--
-- Name: django_session django_session_pkey; Type: CONSTRAINT; Schema: public; Owner: homestyle_user
--

ALTER TABLE ONLY public.django_session
    ADD CONSTRAINT django_session_pkey PRIMARY KEY (session_key);


--
-- Name: orders_order orders_order_cart_id_key; Type: CONSTRAINT; Schema: public; Owner: homestyle_user
--

ALTER TABLE ONLY public.orders_order
    ADD CONSTRAINT orders_order_cart_id_key UNIQUE (cart_id);


--
-- Name: orders_order orders_order_pkey; Type: CONSTRAINT; Schema: public; Owner: homestyle_user
--

ALTER TABLE ONLY public.orders_order
    ADD CONSTRAINT orders_order_pkey PRIMARY KEY (id);


--
-- Name: orders_orderitem orders_orderitem_pkey; Type: CONSTRAINT; Schema: public; Owner: homestyle_user
--

ALTER TABLE ONLY public.orders_orderitem
    ADD CONSTRAINT orders_orderitem_pkey PRIMARY KEY (id);


--
-- Name: orders_orderitem unique_product_in_order; Type: CONSTRAINT; Schema: public; Owner: homestyle_user
--

ALTER TABLE ONLY public.orders_orderitem
    ADD CONSTRAINT unique_product_in_order UNIQUE (order_id, product_id);


--
-- Name: users_user users_user_email_key; Type: CONSTRAINT; Schema: public; Owner: homestyle_user
--

ALTER TABLE ONLY public.users_user
    ADD CONSTRAINT users_user_email_key UNIQUE (email);


--
-- Name: users_user_groups users_user_groups_pkey; Type: CONSTRAINT; Schema: public; Owner: homestyle_user
--

ALTER TABLE ONLY public.users_user_groups
    ADD CONSTRAINT users_user_groups_pkey PRIMARY KEY (id);


--
-- Name: users_user_groups users_user_groups_user_id_group_id_b88eab82_uniq; Type: CONSTRAINT; Schema: public; Owner: homestyle_user
--

ALTER TABLE ONLY public.users_user_groups
    ADD CONSTRAINT users_user_groups_user_id_group_id_b88eab82_uniq UNIQUE (user_id, group_id);


--
-- Name: users_user users_user_pkey; Type: CONSTRAINT; Schema: public; Owner: homestyle_user
--

ALTER TABLE ONLY public.users_user
    ADD CONSTRAINT users_user_pkey PRIMARY KEY (id);


--
-- Name: users_user_user_permissions users_user_user_permissions_pkey; Type: CONSTRAINT; Schema: public; Owner: homestyle_user
--

ALTER TABLE ONLY public.users_user_user_permissions
    ADD CONSTRAINT users_user_user_permissions_pkey PRIMARY KEY (id);


--
-- Name: users_user_user_permissions users_user_user_permissions_user_id_permission_id_43338c45_uniq; Type: CONSTRAINT; Schema: public; Owner: homestyle_user
--

ALTER TABLE ONLY public.users_user_user_permissions
    ADD CONSTRAINT users_user_user_permissions_user_id_permission_id_43338c45_uniq UNIQUE (user_id, permission_id);


--
-- Name: auth_group_name_a6ea08ec_like; Type: INDEX; Schema: public; Owner: homestyle_user
--

CREATE INDEX auth_group_name_a6ea08ec_like ON public.auth_group USING btree (name varchar_pattern_ops);


--
-- Name: auth_group_permissions_group_id_b120cbf9; Type: INDEX; Schema: public; Owner: homestyle_user
--

CREATE INDEX auth_group_permissions_group_id_b120cbf9 ON public.auth_group_permissions USING btree (group_id);


--
-- Name: auth_group_permissions_permission_id_84c5c92e; Type: INDEX; Schema: public; Owner: homestyle_user
--

CREATE INDEX auth_group_permissions_permission_id_84c5c92e ON public.auth_group_permissions USING btree (permission_id);


--
-- Name: auth_permission_content_type_id_2f476e4b; Type: INDEX; Schema: public; Owner: homestyle_user
--

CREATE INDEX auth_permission_content_type_id_2f476e4b ON public.auth_permission USING btree (content_type_id);


--
-- Name: availability_idx; Type: INDEX; Schema: public; Owner: homestyle_user
--

CREATE INDEX availability_idx ON public.catalog_product USING btree (availability_status, stock);


--
-- Name: cart_cart_session_5e1af5_idx; Type: INDEX; Schema: public; Owner: homestyle_user
--

CREATE INDEX cart_cart_session_5e1af5_idx ON public.cart_cart USING btree (session_key);


--
-- Name: cart_cart_user_id_9b4220b9; Type: INDEX; Schema: public; Owner: homestyle_user
--

CREATE INDEX cart_cart_user_id_9b4220b9 ON public.cart_cart USING btree (user_id);


--
-- Name: cart_cart_user_id_b645f9_idx; Type: INDEX; Schema: public; Owner: homestyle_user
--

CREATE INDEX cart_cart_user_id_b645f9_idx ON public.cart_cart USING btree (user_id);


--
-- Name: cart_cartit_cart_id_4fb076_idx; Type: INDEX; Schema: public; Owner: homestyle_user
--

CREATE INDEX cart_cartit_cart_id_4fb076_idx ON public.cart_cartitem USING btree (cart_id);


--
-- Name: cart_cartit_product_985dba_idx; Type: INDEX; Schema: public; Owner: homestyle_user
--

CREATE INDEX cart_cartit_product_985dba_idx ON public.cart_cartitem USING btree (product_id);


--
-- Name: cart_cartitem_cart_id_370ad265; Type: INDEX; Schema: public; Owner: homestyle_user
--

CREATE INDEX cart_cartitem_cart_id_370ad265 ON public.cart_cartitem USING btree (cart_id);


--
-- Name: cart_cartitem_product_id_b24e265a; Type: INDEX; Schema: public; Owner: homestyle_user
--

CREATE INDEX cart_cartitem_product_id_b24e265a ON public.cart_cartitem USING btree (product_id);


--
-- Name: catalog_category_name_fdc3466c_like; Type: INDEX; Schema: public; Owner: homestyle_user
--

CREATE INDEX catalog_category_name_fdc3466c_like ON public.catalog_category USING btree (name varchar_pattern_ops);


--
-- Name: catalog_category_slug_dbf63ad0_like; Type: INDEX; Schema: public; Owner: homestyle_user
--

CREATE INDEX catalog_category_slug_dbf63ad0_like ON public.catalog_category USING btree (slug varchar_pattern_ops);


--
-- Name: catalog_product_availability_status_36113767; Type: INDEX; Schema: public; Owner: homestyle_user
--

CREATE INDEX catalog_product_availability_status_36113767 ON public.catalog_product USING btree (availability_status);


--
-- Name: catalog_product_availability_status_36113767_like; Type: INDEX; Schema: public; Owner: homestyle_user
--

CREATE INDEX catalog_product_availability_status_36113767_like ON public.catalog_product USING btree (availability_status varchar_pattern_ops);


--
-- Name: catalog_product_available_for_order_a30fd2d8; Type: INDEX; Schema: public; Owner: homestyle_user
--

CREATE INDEX catalog_product_available_for_order_a30fd2d8 ON public.catalog_product USING btree (available_for_order);


--
-- Name: catalog_product_category_id_35bf920b; Type: INDEX; Schema: public; Owner: homestyle_user
--

CREATE INDEX catalog_product_category_id_35bf920b ON public.catalog_product USING btree (category_id);


--
-- Name: catalog_product_sku_5c54c070_like; Type: INDEX; Schema: public; Owner: homestyle_user
--

CREATE INDEX catalog_product_sku_5c54c070_like ON public.catalog_product USING btree (sku varchar_pattern_ops);


--
-- Name: catalog_product_slug_f37848b0_like; Type: INDEX; Schema: public; Owner: homestyle_user
--

CREATE INDEX catalog_product_slug_f37848b0_like ON public.catalog_product USING btree (slug varchar_pattern_ops);


--
-- Name: catalog_productextraimage_product_id_454398d8; Type: INDEX; Schema: public; Owner: homestyle_user
--

CREATE INDEX catalog_productextraimage_product_id_454398d8 ON public.catalog_productextraimage USING btree (product_id);


--
-- Name: catalog_productextraimage_slug_2b2ec34b_like; Type: INDEX; Schema: public; Owner: homestyle_user
--

CREATE INDEX catalog_productextraimage_slug_2b2ec34b_like ON public.catalog_productextraimage USING btree (slug varchar_pattern_ops);


--
-- Name: django_admin_log_content_type_id_c4bce8eb; Type: INDEX; Schema: public; Owner: homestyle_user
--

CREATE INDEX django_admin_log_content_type_id_c4bce8eb ON public.django_admin_log USING btree (content_type_id);


--
-- Name: django_admin_log_user_id_c564eba6; Type: INDEX; Schema: public; Owner: homestyle_user
--

CREATE INDEX django_admin_log_user_id_c564eba6 ON public.django_admin_log USING btree (user_id);


--
-- Name: django_session_expire_date_a5c62663; Type: INDEX; Schema: public; Owner: homestyle_user
--

CREATE INDEX django_session_expire_date_a5c62663 ON public.django_session USING btree (expire_date);


--
-- Name: django_session_session_key_c0390e0f_like; Type: INDEX; Schema: public; Owner: homestyle_user
--

CREATE INDEX django_session_session_key_c0390e0f_like ON public.django_session USING btree (session_key varchar_pattern_ops);


--
-- Name: orders_order_user_id_e9b59eb1; Type: INDEX; Schema: public; Owner: homestyle_user
--

CREATE INDEX orders_order_user_id_e9b59eb1 ON public.orders_order USING btree (user_id);


--
-- Name: orders_orderitem_order_id_fe61a34d; Type: INDEX; Schema: public; Owner: homestyle_user
--

CREATE INDEX orders_orderitem_order_id_fe61a34d ON public.orders_orderitem USING btree (order_id);


--
-- Name: orders_orderitem_product_id_afe4254a; Type: INDEX; Schema: public; Owner: homestyle_user
--

CREATE INDEX orders_orderitem_product_id_afe4254a ON public.orders_orderitem USING btree (product_id);


--
-- Name: product_price_idx; Type: INDEX; Schema: public; Owner: homestyle_user
--

CREATE INDEX product_price_idx ON public.catalog_product USING btree (price);


--
-- Name: product_sku_idx; Type: INDEX; Schema: public; Owner: homestyle_user
--

CREATE INDEX product_sku_idx ON public.catalog_product USING btree (sku);


--
-- Name: product_slug_idx; Type: INDEX; Schema: public; Owner: homestyle_user
--

CREATE INDEX product_slug_idx ON public.catalog_product USING btree (slug);


--
-- Name: unique_product_in_cart; Type: INDEX; Schema: public; Owner: homestyle_user
--

CREATE UNIQUE INDEX unique_product_in_cart ON public.cart_cartitem USING btree (cart_id, product_id) WHERE (product_id IS NOT NULL);


--
-- Name: users_user_email_243f6e77_like; Type: INDEX; Schema: public; Owner: homestyle_user
--

CREATE INDEX users_user_email_243f6e77_like ON public.users_user USING btree (email varchar_pattern_ops);


--
-- Name: users_user_groups_group_id_9afc8d0e; Type: INDEX; Schema: public; Owner: homestyle_user
--

CREATE INDEX users_user_groups_group_id_9afc8d0e ON public.users_user_groups USING btree (group_id);


--
-- Name: users_user_groups_user_id_5f6f5a90; Type: INDEX; Schema: public; Owner: homestyle_user
--

CREATE INDEX users_user_groups_user_id_5f6f5a90 ON public.users_user_groups USING btree (user_id);


--
-- Name: users_user_user_permissions_permission_id_0b93982e; Type: INDEX; Schema: public; Owner: homestyle_user
--

CREATE INDEX users_user_user_permissions_permission_id_0b93982e ON public.users_user_user_permissions USING btree (permission_id);


--
-- Name: users_user_user_permissions_user_id_20aca447; Type: INDEX; Schema: public; Owner: homestyle_user
--

CREATE INDEX users_user_user_permissions_user_id_20aca447 ON public.users_user_user_permissions USING btree (user_id);


--
-- Name: auth_group_permissions auth_group_permissio_permission_id_84c5c92e_fk_auth_perm; Type: FK CONSTRAINT; Schema: public; Owner: homestyle_user
--

ALTER TABLE ONLY public.auth_group_permissions
    ADD CONSTRAINT auth_group_permissio_permission_id_84c5c92e_fk_auth_perm FOREIGN KEY (permission_id) REFERENCES public.auth_permission(id) DEFERRABLE INITIALLY DEFERRED;


--
-- Name: auth_group_permissions auth_group_permissions_group_id_b120cbf9_fk_auth_group_id; Type: FK CONSTRAINT; Schema: public; Owner: homestyle_user
--

ALTER TABLE ONLY public.auth_group_permissions
    ADD CONSTRAINT auth_group_permissions_group_id_b120cbf9_fk_auth_group_id FOREIGN KEY (group_id) REFERENCES public.auth_group(id) DEFERRABLE INITIALLY DEFERRED;


--
-- Name: auth_permission auth_permission_content_type_id_2f476e4b_fk_django_co; Type: FK CONSTRAINT; Schema: public; Owner: homestyle_user
--

ALTER TABLE ONLY public.auth_permission
    ADD CONSTRAINT auth_permission_content_type_id_2f476e4b_fk_django_co FOREIGN KEY (content_type_id) REFERENCES public.django_content_type(id) DEFERRABLE INITIALLY DEFERRED;


--
-- Name: cart_cart cart_cart_user_id_9b4220b9_fk_users_user_id; Type: FK CONSTRAINT; Schema: public; Owner: homestyle_user
--

ALTER TABLE ONLY public.cart_cart
    ADD CONSTRAINT cart_cart_user_id_9b4220b9_fk_users_user_id FOREIGN KEY (user_id) REFERENCES public.users_user(id) DEFERRABLE INITIALLY DEFERRED;


--
-- Name: cart_cartitem cart_cartitem_cart_id_370ad265_fk_cart_cart_id; Type: FK CONSTRAINT; Schema: public; Owner: homestyle_user
--

ALTER TABLE ONLY public.cart_cartitem
    ADD CONSTRAINT cart_cartitem_cart_id_370ad265_fk_cart_cart_id FOREIGN KEY (cart_id) REFERENCES public.cart_cart(id) DEFERRABLE INITIALLY DEFERRED;


--
-- Name: cart_cartitem cart_cartitem_product_id_b24e265a_fk_catalog_product_id; Type: FK CONSTRAINT; Schema: public; Owner: homestyle_user
--

ALTER TABLE ONLY public.cart_cartitem
    ADD CONSTRAINT cart_cartitem_product_id_b24e265a_fk_catalog_product_id FOREIGN KEY (product_id) REFERENCES public.catalog_product(id) DEFERRABLE INITIALLY DEFERRED;


--
-- Name: catalog_product catalog_product_category_id_35bf920b_fk_catalog_category_id; Type: FK CONSTRAINT; Schema: public; Owner: homestyle_user
--

ALTER TABLE ONLY public.catalog_product
    ADD CONSTRAINT catalog_product_category_id_35bf920b_fk_catalog_category_id FOREIGN KEY (category_id) REFERENCES public.catalog_category(id) DEFERRABLE INITIALLY DEFERRED;


--
-- Name: catalog_productextraimage catalog_productextra_product_id_454398d8_fk_catalog_p; Type: FK CONSTRAINT; Schema: public; Owner: homestyle_user
--

ALTER TABLE ONLY public.catalog_productextraimage
    ADD CONSTRAINT catalog_productextra_product_id_454398d8_fk_catalog_p FOREIGN KEY (product_id) REFERENCES public.catalog_product(id) DEFERRABLE INITIALLY DEFERRED;


--
-- Name: django_admin_log django_admin_log_content_type_id_c4bce8eb_fk_django_co; Type: FK CONSTRAINT; Schema: public; Owner: homestyle_user
--

ALTER TABLE ONLY public.django_admin_log
    ADD CONSTRAINT django_admin_log_content_type_id_c4bce8eb_fk_django_co FOREIGN KEY (content_type_id) REFERENCES public.django_content_type(id) DEFERRABLE INITIALLY DEFERRED;


--
-- Name: django_admin_log django_admin_log_user_id_c564eba6_fk_users_user_id; Type: FK CONSTRAINT; Schema: public; Owner: homestyle_user
--

ALTER TABLE ONLY public.django_admin_log
    ADD CONSTRAINT django_admin_log_user_id_c564eba6_fk_users_user_id FOREIGN KEY (user_id) REFERENCES public.users_user(id) DEFERRABLE INITIALLY DEFERRED;


--
-- Name: orders_order orders_order_cart_id_7e0252e3_fk_cart_cart_id; Type: FK CONSTRAINT; Schema: public; Owner: homestyle_user
--

ALTER TABLE ONLY public.orders_order
    ADD CONSTRAINT orders_order_cart_id_7e0252e3_fk_cart_cart_id FOREIGN KEY (cart_id) REFERENCES public.cart_cart(id) DEFERRABLE INITIALLY DEFERRED;


--
-- Name: orders_order orders_order_user_id_e9b59eb1_fk_users_user_id; Type: FK CONSTRAINT; Schema: public; Owner: homestyle_user
--

ALTER TABLE ONLY public.orders_order
    ADD CONSTRAINT orders_order_user_id_e9b59eb1_fk_users_user_id FOREIGN KEY (user_id) REFERENCES public.users_user(id) DEFERRABLE INITIALLY DEFERRED;


--
-- Name: orders_orderitem orders_orderitem_order_id_fe61a34d_fk_orders_order_id; Type: FK CONSTRAINT; Schema: public; Owner: homestyle_user
--

ALTER TABLE ONLY public.orders_orderitem
    ADD CONSTRAINT orders_orderitem_order_id_fe61a34d_fk_orders_order_id FOREIGN KEY (order_id) REFERENCES public.orders_order(id) DEFERRABLE INITIALLY DEFERRED;


--
-- Name: orders_orderitem orders_orderitem_product_id_afe4254a_fk_catalog_product_id; Type: FK CONSTRAINT; Schema: public; Owner: homestyle_user
--

ALTER TABLE ONLY public.orders_orderitem
    ADD CONSTRAINT orders_orderitem_product_id_afe4254a_fk_catalog_product_id FOREIGN KEY (product_id) REFERENCES public.catalog_product(id) DEFERRABLE INITIALLY DEFERRED;


--
-- Name: users_user_groups users_user_groups_group_id_9afc8d0e_fk_auth_group_id; Type: FK CONSTRAINT; Schema: public; Owner: homestyle_user
--

ALTER TABLE ONLY public.users_user_groups
    ADD CONSTRAINT users_user_groups_group_id_9afc8d0e_fk_auth_group_id FOREIGN KEY (group_id) REFERENCES public.auth_group(id) DEFERRABLE INITIALLY DEFERRED;


--
-- Name: users_user_groups users_user_groups_user_id_5f6f5a90_fk_users_user_id; Type: FK CONSTRAINT; Schema: public; Owner: homestyle_user
--

ALTER TABLE ONLY public.users_user_groups
    ADD CONSTRAINT users_user_groups_user_id_5f6f5a90_fk_users_user_id FOREIGN KEY (user_id) REFERENCES public.users_user(id) DEFERRABLE INITIALLY DEFERRED;


--
-- Name: users_user_user_permissions users_user_user_perm_permission_id_0b93982e_fk_auth_perm; Type: FK CONSTRAINT; Schema: public; Owner: homestyle_user
--

ALTER TABLE ONLY public.users_user_user_permissions
    ADD CONSTRAINT users_user_user_perm_permission_id_0b93982e_fk_auth_perm FOREIGN KEY (permission_id) REFERENCES public.auth_permission(id) DEFERRABLE INITIALLY DEFERRED;


--
-- Name: users_user_user_permissions users_user_user_permissions_user_id_20aca447_fk_users_user_id; Type: FK CONSTRAINT; Schema: public; Owner: homestyle_user
--

ALTER TABLE ONLY public.users_user_user_permissions
    ADD CONSTRAINT users_user_user_permissions_user_id_20aca447_fk_users_user_id FOREIGN KEY (user_id) REFERENCES public.users_user(id) DEFERRABLE INITIALLY DEFERRED;


--
-- PostgreSQL database dump complete
--

